InputID,MEAN,STDDEV,MIN,MAX
Z0000,1471.99757,613.30431,65.92790,2790.58185
Z0001,1315.52356,560.03601,59.98824,2740.13309
Z0002,1436.75864,626.44961,19.48812,2992.79309
Z0003,1328.88144,627.39461,41.01559,2883.46125
Z0004,1270.68227,587.03190,35.16591,2688.16046
Z0005,1068.76495,501.72612,32.98045,2434.42740
Z0006,1109.92772,525.42045,37.78522,2346.59343
Z0007,892.72426,378.19725,41.66157,1891.77944
Z0008,913.72202,393.73047,58.51804,1981.49375
Z0009,1318.95070,608.32298,66.31911,2611.56494
Z0010,1379.62541,603.43004,60.26203,2561.58635
Z0011,1424.97112,612.89058,60.26203,2621.82055
Z0012,1405.54017,615.41700,55.45345,2628.67987
Z0013,1356.61335,604.70138,60.79938,2565.90146
Z0014,1403.93602,602.59715,104.25625,2736.37395
Z0015,1334.86546,609.80429,62.31768,2583.97005
Z0016,1702.13622,671.27590,1.64552,3066.08322
Z0017,1702.56089,671.32215,1.64552,3066.42754
Z0018,1703.54294,670.62446,24.34007,3069.29150
Z0019,1339.56249,553.07937,59.67107,2550.44707
Z0020,1344.86949,607.34807,63.24224,2575.83968
Z0021,1394.08657,619.08742,2.01183,2640.01111
Z0022,1393.32710,618.80961,2.01183,2638.58395
Z0023,1333.99852,613.47718,51.42531,2598.84367
Z0024,1384.54234,621.67418,3.98151,2646.34861
Z0025,1382.75832,621.50383,3.98151,2644.98584
Z0026,1072.03967,490.09850,5.46752,2145.99702
Z0027,919.73345,399.80613,21.79870,1848.99955
Z0028,1664.10506,617.81943,72.67962,3026.63222
Z0029,1727.61237,622.13466,73.22438,3098.94295
Z0030,904.04015,390.68703,42.06453,1767.62794
Z0031,1002.24437,455.03731,50.38023,2101.25163
Z0032,1085.94533,513.77089,44.29625,2313.67165
Z0033,1065.37143,466.91353,49.20347,2355.24409
Z0034,1381.23726,620.41634,46.02396,2694.35668
Z0035,1382.05717,608.90773,43.16875,2689.52749
Z0036,1375.33883,601.80934,92.64689,2809.43881
Z0037,1449.01479,623.80085,55.45345,2683.99966
Z0038,1472.07682,643.59301,58.73422,2772.08680
Z0039,1426.61232,634.44684,56.96255,2713.70994
Z0040,1540.88068,650.46483,33.93688,2842.35195
Z0041,1187.42663,570.44084,58.68074,2671.38801
Z0042,1411.77837,644.26495,37.76168,2979.23316
Z0043,1544.60932,661.75590,29.84006,3136.29153
Z0044,1522.48771,660.45135,29.84006,3112.62957
Z0045,1512.80136,658.24596,34.79718,3097.79418
Z0046,1548.62602,663.58856,26.57581,3148.05973
Z0047,1514.85165,660.69602,28.84757,3107.63551
Z0048,929.06279,401.41490,60.87699,2106.00859
Z0049,915.42538,387.10580,55.86195,2075.90115
Z0050,900.67189,374.87553,37.76640,2017.62304
Z0051,906.59960,378.39678,37.76640,2044.23635
Z0052,941.61016,409.97876,61.19564,2158.57571
Z0053,912.12079,386.99343,37.05982,2049.38191
Z0054,910.80868,387.06572,33.61828,2031.69279
Z0055,916.08801,392.20917,33.61828,2038.06794
Z0056,926.50972,401.13593,36.80601,2070.67763
Z0057,937.36810,410.22036,36.80601,2106.75853
Z0058,955.41765,423.80562,43.36584,2177.79850
Z0059,967.71751,434.73748,31.34393,2191.08410
Z0060,1010.69540,468.07548,27.74783,2232.16595
Z0061,1057.79998,496.67672,67.01715,2198.23853
Z0062,1096.77630,520.18724,59.36252,2246.89154
Z0063,1350.33659,620.96987,27.71554,2646.02767
Z0064,1327.83764,614.35466,14.88757,2603.13087
Z0065,1280.02459,597.27544,32.80506,2526.67514
Z0066,1406.30489,630.08427,57.88064,2725.73116
Z0067,1352.07444,612.89706,80.84615,2857.71619
Z0068,1299.44315,583.33214,44.61181,2791.38623
Z0069,1160.83120,547.48054,49.05410,2325.92263
Z0070,1170.78649,520.99443,32.93787,2367.52617
Z0071,1260.75982,565.70010,77.02510,2356.40039
Z0072,1451.86481,643.48840,31.82471,2777.44852
Z0073,1637.70425,658.76403,88.40654,3000.43396
Z0074,1572.21737,657.82250,54.03942,2925.22092
Z0075,1640.31812,665.14180,31.31685,3001.92067
Z0076,1708.77879,666.85709,74.21954,3078.66063
Z0077,1608.26377,642.77780,51.26796,2962.07354
Z0078,1315.57281,583.70361,39.62221,2478.89699
Z0079,972.97478,416.35748,64.06533,2057.28689
Z0080,1041.71035,464.19579,19.12475,2134.11398
Z0081,1590.22973,665.92483,26.17382,3194.26866
Z0082,1617.63500,666.83516,39.96259,3223.02988
Z0083,1577.00109,665.18315,26.17382,3178.03219
Z0084,1566.31517,664.18892,24.78612,3164.01978
Z0085,1593.23618,665.19058,11.73782,3192.69935
Z0086,1512.27332,624.53606,59.15523,2844.21380
Z0087,1290.11671,593.60542,31.21933,2763.19094
Z0088,1241.85687,582.73539,69.59731,2715.21486
Z0089,1319.69411,586.10016,74.14913,2600.69462
Z0090,1283.01155,584.51852,25.02198,2558.74514
Z0091,1117.76939,527.01184,91.73156,2454.27339
Z0092,996.91823,457.18611,51.67378,2208.23490
Z0093,969.11975,436.40927,38.70605,2141.99535
Z0094,1024.47273,474.81453,46.27040,2278.24145
Z0095,1042.42708,486.54433,46.95315,2313.84927
Z0096,1019.64315,471.45105,59.27117,2267.18461
Z0097,1046.00570,487.72492,58.07836,2319.92912
Z0098,955.33284,425.74108,24.46989,2110.46268
Z0099,963.79349,432.58771,55.98138,2108.10031
Z0100,948.43013,420.17336,55.98138,2076.34863
Z0101,949.56906,421.34423,41.59856,2049.76995
Z0102,1103.15217,518.95316,38.97195,2425.80937
Z0103,1171.84625,552.05062,92.11677,2542.34553
Z0104,1057.92852,496.52307,46.95315,2341.81110
Z0105,1000.45397,460.35794,50.44305,2203.35887
Z0106,1019.84467,473.32993,23.21974,2258.47956
Z0107,1029.26248,479.81220,23.21974,2276.47019
Z0108,1035.36129,483.28498,32.62507,2293.40281
Z0109,1051.99994,494.08714,39.76238,2323.68420
Z0110,1030.08077,480.91962,44.00167,2269.82174
Z0111,1015.90808,471.68561,50.44305,2227.54450
Z0112,971.16430,438.73385,59.16398,2098.03852
Z0113,995.07683,456.93199,47.66343,2149.19182
Z0114,1011.43420,468.58593,30.89447,2191.79131
Z0115,1025.33825,478.39454,26.99837,2229.14610
Z0116,1032.33719,483.01202,23.61395,2234.81296
Z0117,1042.99138,489.90487,29.56808,2280.22398
Z0118,1082.91823,512.15705,45.61205,2381.21598
Z0119,1267.46030,581.91702,28.37199,2538.66963
Z0120,1291.85964,594.11461,49.92361,2575.16021
Z0121,1205.51718,547.68981,50.27595,2434.53468
Z0122,1172.81720,539.64470,51.70813,2390.11530
Z0123,1089.31239,476.71593,55.27376,2199.99696
Z0124,1163.57242,537.36626,26.22642,2601.04215
Z0125,1238.56721,559.75328,50.27595,2484.38796
Z0126,1269.83996,562.64450,8.86261,2519.56624
Z0127,1256.84467,530.66098,37.39963,2434.64477
Z0128,1329.30574,583.21055,46.92727,2441.12086
Z0129,1363.43988,591.14005,12.67325,2478.48428
Z0130,1372.90204,593.15989,12.67325,2491.15078
Z0131,1403.56668,598.08129,64.50616,2702.12069
Z0132,1334.02650,597.83069,62.46260,2627.25558
Z0133,1267.23210,578.73670,24.27553,2535.89577
Z0134,1217.67913,577.10764,47.49788,2464.03138
Z0135,1150.36098,545.15854,5.44572,2323.62145
Z0136,1208.12402,559.97359,72.98725,2357.65188
Z0137,1237.64278,566.00775,74.06368,2371.91123
Z0138,1290.73359,581.12251,54.97903,2440.19925
Z0139,1328.80950,591.71677,54.97903,2495.16886
Z0140,1157.81685,512.70095,72.28124,2521.10955
Z0141,1227.49576,523.94121,27.40260,2510.32394
Z0142,1246.99885,533.36678,45.29339,2587.25940
Z0143,1263.58381,561.22673,8.86261,2511.34438
Z0144,1374.43601,581.22701,101.89655,2649.77744
Z0145,1294.90242,560.42269,74.77452,2539.02673
Z0146,1156.83847,528.49580,26.62132,2358.23908
Z0147,1090.95862,503.41175,48.96509,2255.12369
Z0148,1217.51088,575.35971,30.41443,2439.83817
Z0149,1383.43826,640.26978,28.75325,2954.01233
Z0150,1362.12732,635.25126,21.51458,2926.80224
Z0151,1455.46495,653.77141,10.03572,3038.69336
Z0152,1415.65841,647.18421,13.69701,2990.46132
Z0153,1378.66098,640.04628,38.08389,2946.55331
Z0154,1371.02331,638.17785,33.26655,2938.03393
Z0155,1351.24285,633.16786,39.76493,2909.25074
Z0156,1324.69313,625.53377,26.21544,2872.81012
Z0157,1382.34824,639.92827,34.87130,2947.22402
Z0158,1376.26904,637.29703,34.87130,2936.06177
Z0159,1322.26800,621.78143,26.08343,2862.08344
Z0160,1314.88492,621.48315,25.90921,2856.64833
Z0161,1420.87008,647.76239,22.23719,3000.40438
Z0162,1092.09927,474.50606,40.40692,2325.83453
Z0163,1110.89789,483.57169,40.40692,2366.20005
Z0164,1099.34212,479.86800,45.51794,2371.81586
Z0165,1121.37919,486.87222,41.94790,2356.53022
Z0166,1585.27515,607.80858,80.91615,2911.38468
Z0167,1614.96714,610.95481,42.17150,2962.50297
Z0168,1640.71252,613.49785,44.83656,2987.88428
Z0169,1651.52413,614.72602,42.17150,3004.58284
Z0170,1733.50947,622.13550,32.05078,3105.11272
Z0171,1735.46140,622.44215,31.79716,3109.50224
Z0172,1827.72289,628.37648,31.70663,3214.96956
Z0173,1665.78211,616.28770,45.50263,3025.96514
Z0174,1684.20852,618.10280,54.09625,3050.07277
Z0175,1846.57743,629.20301,31.70663,3235.65334
Z0176,1885.67381,630.74490,44.76116,3278.34457
Z0177,1523.35727,601.19863,29.05185,2827.07694
Z0178,1469.29206,594.48856,8.46099,2752.60857
Z0179,1480.83561,596.03064,17.93109,2768.56837
Z0180,1465.47622,593.77309,8.46099,2749.42356
Z0181,1445.12860,588.90631,5.46547,2738.96657
Z0182,1390.86798,582.13943,46.40140,2643.50186
Z0183,1410.36485,584.64469,54.73493,2678.27543
Z0184,1427.62603,589.00350,46.40140,2688.04485
Z0185,1516.90222,599.56296,58.80393,2830.74876
Z0186,1376.16453,576.30721,12.27574,2646.97308
Z0187,1369.56788,574.66144,12.27574,2640.15129
Z0188,1352.37661,576.52111,60.51883,2575.89244
Z0189,1014.20818,466.89953,7.24335,2110.32633
Z0190,1091.92188,514.97573,9.47403,2265.26355
Z0191,1182.44436,562.80512,22.26671,2412.35257
Z0192,1170.44066,557.95862,22.26671,2392.50483
Z0193,1180.48970,562.33746,11.70713,2398.00989
Z0194,1272.78301,597.00832,30.24704,2542.80269
Z0195,1340.78279,607.03221,39.09194,2640.76221
Z0196,1253.37785,582.11776,22.59141,2521.41888
Z0197,1237.76194,571.14336,19.92659,2495.48962
Z0198,1250.52102,574.36251,19.92659,2513.00222
Z0199,1040.85280,455.57059,58.87990,2326.78668
Z0200,1065.91814,478.10801,45.85534,2412.03959
Z0201,1060.37001,478.87690,16.25606,2415.65776
Z0202,1039.79598,460.82440,42.25085,2356.14349
Z0203,1019.79025,448.37965,42.25085,2316.49786
Z0204,1060.26191,460.80689,62.66222,2310.35112
Z0205,1012.16651,460.90696,47.76725,2104.30377
Z0206,1408.04086,596.89379,32.02443,2556.55956
Z0207,1428.02272,604.59058,81.67290,2570.29238
Z0208,1471.76231,600.07018,56.32203,2694.31180
Z0209,1289.34859,552.29723,153.69048,2565.64991
Z0210,1512.80778,598.23643,26.15424,2836.91338
Z0211,1531.86280,601.05988,26.15424,2858.11959
Z0212,1541.50946,602.17938,29.71310,2872.65808
Z0213,1555.27182,604.32743,97.27455,2905.16336
Z0214,1550.33618,602.98653,53.21418,2888.20610
Z0215,1326.53374,563.85881,66.48647,2590.24302
Z0216,1183.60538,523.61314,58.52260,2416.06019
Z0217,1440.95848,594.57982,23.84615,2670.49632
Z0218,1416.79409,589.04860,46.48307,2656.77097
Z0219,1454.81787,595.59345,22.95779,2698.32689
Z0220,1515.80067,601.57744,47.87911,2797.40319
Z0221,1523.41033,603.19640,38.35130,2795.71212
Z0222,1498.96223,600.68631,8.56538,2761.49695
Z0223,1458.54139,601.35561,18.21529,2650.89499
Z0224,1457.29039,602.49497,18.82405,2636.84879
Z0225,1441.65336,599.75585,16.69127,2624.06018
Z0226,1450.28629,601.96769,18.82405,2623.82068
Z0227,1420.69217,597.39336,24.27543,2589.48730
Z0228,1433.45279,598.94708,18.53367,2609.98344
Z0229,1385.04090,590.40767,49.10547,2552.55508
Z0230,1421.94893,596.08032,26.41453,2605.83904
Z0231,1432.98192,597.13911,18.63819,2625.04273
Z0232,1443.74670,598.34250,18.63819,2641.21292
Z0233,1435.32379,596.50479,20.02020,2635.53017
Z0234,1349.50535,581.88733,0.59166,2520.15267
Z0235,1349.89214,581.98133,0.59166,2520.55155
Z0236,1389.47789,586.56506,17.86410,2600.89331
Z0237,1246.89665,557.81479,50.00060,2371.88625
Z0238,1275.84716,564.77167,49.03140,2420.04423
Z0239,1311.61753,575.30080,24.63529,2454.09640
Z0240,1310.27102,574.11774,24.63529,2459.90977
Z0241,1376.51008,584.26334,17.86410,2583.08703
Z0242,1493.36469,625.02528,88.53114,2710.35107
Z0243,1311.35633,593.17805,15.02248,2505.72777
Z0244,1300.27236,590.18770,15.02248,2491.13739
Z0245,1284.25844,583.80004,38.48142,2459.45633
Z0246,1241.65247,545.39797,11.36890,2453.43315
Z0247,1249.38620,547.67297,11.36890,2463.43365
Z0248,1273.68854,557.60297,70.77731,2472.98914
Z0249,1341.97819,617.70957,37.34903,2638.50169
Z0250,1092.03257,516.39546,45.87866,2497.61040
Z0251,1209.54029,561.99467,36.30569,2454.66098
Z0252,1060.06553,478.42448,57.55931,2198.87068
Z0253,1127.45487,505.47621,54.22322,2328.21960
Z0254,1091.11921,491.07494,49.69072,2255.98200
Z0255,1071.40607,484.13713,58.46518,2198.56822
Z0256,1011.63606,456.40519,65.24112,2102.66289
Z0257,1044.94498,472.97989,22.85773,2181.73214
Z0258,1081.50196,488.23090,6.80394,2248.36055
Z0259,1075.16900,486.26111,20.65480,2239.49835
Z0260,1064.56571,481.81626,19.96417,2219.93783
Z0261,1009.92626,456.42489,18.91306,2110.03586
Z0262,996.01627,449.67792,29.79942,2081.14221
Z0263,1003.53786,454.48383,49.16441,2102.39469
Z0264,982.70674,444.40879,26.88921,2057.62576
Z0265,1051.55881,476.93956,34.26479,2198.11256
Z0266,1032.16754,468.75592,31.52752,2161.95775
Z0267,1046.80849,475.70402,30.76011,2190.44177
Z0268,1042.04466,474.24063,30.76011,2181.33094
Z0269,1066.36223,484.44317,28.98976,2226.65736
Z0270,1077.21351,488.34715,21.23367,2245.83008
Z0271,1177.47056,527.30348,12.62823,2351.45201
Z0272,1188.58647,530.51877,16.34910,2370.85728
Z0273,1186.68103,529.28612,16.34910,2372.13877
Z0274,1165.72670,523.51921,19.71755,2331.89589
Z0275,1173.76030,525.52387,11.34797,2349.70242
Z0276,1180.88524,528.84795,12.62823,2353.31892
Z0277,1171.54703,524.34744,11.34797,2349.16377
Z0278,1227.27888,545.93010,47.09331,2399.75144
Z0279,1188.10157,534.72689,17.38845,2335.82060
Z0280,1198.28827,537.75490,17.38845,2352.99315
Z0281,1230.18548,550.47858,15.60178,2372.72268
Z0282,1175.25425,534.98887,44.69818,2275.39068
Z0283,1150.70010,522.96221,17.49231,2269.31456
Z0284,1130.47946,517.02622,25.42945,2222.59135
Z0285,1116.64294,510.92793,25.42945,2205.98067
Z0286,1141.69696,519.99630,17.49231,2252.26509
Z0287,1111.27574,506.02173,32.27688,2222.09322
Z0288,1106.44256,501.67152,7.47815,2234.40494
Z0289,1116.02148,505.44284,16.34632,2250.57450
Z0290,1102.27438,500.03037,7.47815,2226.92683
Z0291,1090.55398,501.47661,64.04445,2146.05969
Z0292,1059.63511,484.53783,21.84005,2121.02728
Z0293,1047.72871,478.24474,25.19169,2104.75879
Z0294,1359.04364,608.62844,37.69298,2784.69357
Z0295,1316.29480,598.69540,42.75089,2740.15099
Z0296,1046.52475,475.67431,56.03480,2123.46133
Z0297,1213.61039,569.45595,60.65013,2410.01097
Z0298,1238.94309,575.39860,49.24053,2429.39165
Z0299,1206.01889,563.37109,49.24053,2380.62301
Z0300,1032.22976,473.21795,37.88701,2040.46562
Z0301,1016.32498,463.07314,17.49823,2032.58494
Z0302,1021.85374,466.51670,17.49823,2036.78978
Z0303,1043.81915,481.60190,59.02448,2043.71431
Z0304,1107.66728,512.48600,46.74340,2139.49449
Z0305,1067.98764,496.20797,0.97727,2103.84428
Z0306,1067.58233,495.96950,0.97727,2102.88274
Z0307,1002.76168,454.29645,55.87208,2027.03675
Z0308,986.93599,444.80692,32.17316,2013.61207
Z0309,971.43106,436.21744,17.63387,1986.44523
Z0310,978.37950,439.94560,17.63387,2004.07566
Z0311,978.62645,439.89185,23.52106,2012.14506
Z0312,1023.92594,462.78415,87.83917,2105.21016
Z0313,969.08055,434.87764,58.69671,2006.39330
Z0314,975.76435,439.57936,38.91624,2037.21275
Z0315,961.64163,431.78070,38.91624,2001.03783
Z0316,1293.29427,565.23510,53.59912,2479.30641
Z0317,1163.21370,538.40583,26.77203,2249.16875
Z0318,1183.15112,544.63803,14.09779,2267.05640
Z0319,1184.89874,544.59158,14.09779,2262.94417
Z0320,1188.83570,544.81284,23.43324,2257.32541
Z0321,1169.72475,539.67983,14.66393,2246.73798
Z0322,1179.96521,539.74071,43.89395,2255.28951
Z0323,1146.88637,529.79300,41.86904,2202.57872
Z0324,1123.95276,521.46569,25.51069,2179.33671
Z0325,1117.38678,519.79934,15.68249,2180.77216
Z0326,1107.93584,516.44388,16.16733,2175.00374
Z0327,1099.60285,513.38255,17.95327,2170.38115
Z0328,1092.08033,509.30024,17.95327,2153.11090
Z0329,1074.71044,501.99718,22.79342,2140.41581
Z0330,1093.79887,511.94423,17.71175,2176.13328
Z0331,1125.27995,523.82594,19.66297,2199.20459
Z0332,1529.62490,604.94573,32.08981,2869.14676
Z0333,1519.38387,602.68482,42.02679,2859.28670
Z0334,1571.25706,609.37892,34.39725,2919.65598
Z0335,1600.67821,612.35703,34.39725,2954.02087
Z0336,1589.74550,612.50597,29.41380,2934.48850
Z0337,1622.00422,615.44052,36.75349,2968.37179
Z0338,1403.24853,585.41577,33.94855,2714.20412
Z0339,1376.96691,580.38281,33.94855,2680.38148
Z0340,1345.41510,572.50489,44.80242,2641.41049
Z0341,1317.63140,567.34093,24.55851,2602.49800
Z0342,1292.24306,561.10670,34.32420,2568.22521
Z0343,1277.16790,587.84450,40.40688,2641.94102
Z0344,1452.56881,593.44110,26.02288,2777.13050
Z0345,1322.28402,589.69933,80.43659,2644.67497
Z0346,1321.98507,587.74161,69.52087,2652.66460
Z0347,1310.68576,585.91893,57.78101,2670.02800
Z0348,1578.61422,636.34061,51.26796,2925.42677
Z0349,1532.48605,634.88433,11.47179,2874.12733
Z0350,1457.89503,633.41793,19.77370,2789.73633
Z0351,1472.42863,635.00968,19.77370,2807.11145
Z0352,1417.59519,614.61802,19.64823,2733.19903
Z0353,1415.80766,616.52417,19.64823,2732.67610
Z0354,1521.22270,654.49224,30.39995,2863.16415
Z0355,1453.99042,644.56599,67.14214,2771.58792
Z0356,1409.11896,622.44710,7.39899,2728.62204
Z0357,1527.82662,606.39219,53.15534,2858.25287
Z0358,1533.73896,607.77563,14.09348,2858.02003
Z0359,1465.51952,598.34185,27.38463,2782.36768
Z0360,1429.54197,592.75853,30.86641,2737.69036
Z0361,1447.31417,595.21731,27.38463,2761.98186
Z0362,1457.79360,598.39391,54.11906,2763.66731
Z0363,1451.97700,598.34880,54.11906,2748.10793
Z0364,1464.14441,600.65426,50.64244,2752.95913
Z0365,1456.41790,600.29686,50.64244,2733.63399
Z0366,1476.08184,603.21913,51.89429,2745.15946
Z0367,1427.91808,598.34080,38.92781,2674.79288
Z0368,1439.86980,600.54613,47.01065,2676.51942
Z0369,1394.72201,599.46271,30.74275,2549.34775
Z0370,1390.33109,599.55296,30.74275,2560.53713
Z0371,1429.84800,604.68731,44.12858,2607.99244
Z0372,1379.48106,598.74956,28.85790,2566.39881
Z0373,1402.43445,602.04795,28.85790,2593.46919
Z0374,1394.50862,601.72726,29.79308,2602.69116
Z0375,1418.52738,604.82760,29.79308,2630.75096
Z0376,1370.50393,598.15178,30.00849,2575.42931
Z0377,1411.70748,606.24961,39.42427,2683.33014
Z0378,1407.43367,604.86667,31.41761,2655.46726
Z0379,1382.05674,601.40122,30.38590,2626.34448
Z0380,1378.46227,600.13834,41.44117,2603.52745
Z0381,1358.21535,597.54313,30.38590,2597.34853
Z0382,1380.76842,601.93111,24.57468,2644.54766
Z0383,1351.86146,597.34297,30.73959,2613.26016
Z0384,1376.46857,594.32008,42.77223,2561.07600
Z0385,1370.91857,594.60982,19.77939,2536.38362
Z0386,1363.25452,593.99436,26.78504,2517.27969
Z0387,1356.92029,593.53324,26.71008,2507.03731
Z0388,1350.44914,593.01070,26.71008,2513.64023
Z0389,1344.32957,592.52315,27.02304,2520.51598
Z0390,1339.36990,592.22143,22.43476,2528.92302
Z0391,1334.17017,591.78048,25.55339,2536.55594
Z0392,1329.67263,591.42416,27.62507,2544.62513
Z0393,1325.17409,591.05595,27.65777,2552.45938
Z0394,1321.92687,590.93133,27.57761,2561.34723
Z0395,1318.74298,590.80749,27.57761,2569.88614
Z0396,1445.06551,616.23456,35.48299,2808.28724
Z0397,1400.63070,611.89458,39.09396,2772.18707
Z0398,1361.54995,607.12550,38.65003,2746.17109
Z0399,1461.18370,619.89774,25.84103,2843.24764
Z0400,1465.23270,621.71377,40.25678,2860.47529
Z0401,1440.37779,619.93740,35.42179,2843.48958
Z0402,1424.34944,618.80367,36.73555,2836.96494
Z0403,1465.16338,624.36686,39.00933,2889.93546
Z0404,1475.35200,624.84958,36.52828,2893.70889
Z0405,1469.63134,623.50565,35.42179,2878.69788
Z0406,1495.45430,625.62363,35.57239,2903.76096
Z0407,1526.10868,629.16128,56.30997,2949.10310
Z0408,1512.58887,629.04301,56.00787,2945.39278
Z0409,1403.02427,616.39299,28.28392,2823.93599
Z0410,1439.65840,621.72992,32.20661,2867.05498
Z0411,1471.52905,625.99792,37.08064,2912.23830
Z0412,1497.51518,628.43479,37.08064,2938.79194
Z0413,1491.35529,628.36978,48.14436,2942.18666
Z0414,1478.67446,627.27081,49.05386,2933.96308
Z0415,1438.83894,622.35897,37.59855,2888.20665
Z0416,1437.59161,622.11641,37.38008,2881.60833
Z0417,1432.39716,621.26331,31.97967,2869.71539
Z0418,1435.53075,621.49580,31.97967,2868.06046
Z0419,1397.24727,615.79920,34.57896,2826.96611
Z0420,1394.66625,615.42092,49.22915,2832.14870
Z0421,1471.05134,626.67834,67.88071,2933.43192
Z0422,1477.74220,628.05584,55.84822,2948.14980
Z0423,1415.12145,618.87626,62.20148,2865.70113
Z0424,1492.43199,630.31905,55.84822,2968.64516
Z0425,1484.74299,630.72895,31.48686,2960.20590
Z0426,1448.32338,625.75396,34.09536,2918.26916
Z0427,1473.84170,627.76192,33.08385,2937.69903
Z0428,1498.46809,629.09839,33.47123,2960.69928
Z0429,1449.55209,624.49803,32.65857,2907.06190
Z0430,1478.12806,626.41294,33.47123,2933.78223
Z0431,1776.78120,668.74576,74.21954,3152.81639
Z0432,1124.78153,531.40983,46.64388,2519.69493
Z0433,1125.34828,532.99576,52.83416,2535.44497
Z0434,1161.14250,546.03570,59.75380,2547.20306
Z0435,1195.58968,568.94189,68.95056,2664.73736
Z0436,1182.33932,553.62772,21.72630,2533.84609
Z0437,1174.37486,550.77516,19.65098,2504.59747
Z0438,1142.93924,538.81836,30.46083,2458.49893
Z0439,1041.20011,485.51608,54.29410,2335.90614
Z0440,1268.98670,584.03665,44.65321,2715.68456
Z0441,1175.18651,556.50445,63.64193,2616.17958
Z0443,993.27335,454.91382,26.64376,2215.09842
Z0444,995.32880,456.67164,26.64376,2205.94593
Z0445,962.55590,431.88032,18.28254,2134.38639
Z0446,969.11204,437.08532,18.28254,2145.93386
Z0447,985.72342,449.80096,30.77814,2175.56162
Z0448,969.71049,436.83345,30.20724,2182.70515
Z0449,978.05083,443.48393,30.20724,2191.73335
Z0450,1148.75717,546.31305,17.32297,2586.33329
Z0451,1152.28014,548.84786,23.77774,2596.87412
Z0452,1029.23749,475.95120,46.81362,2378.75453
Z0453,1112.01880,524.43853,46.64388,2485.99745
Z0454,1180.14662,556.02359,55.17789,2606.06314
Z0455,1083.60584,509.51027,61.40848,2426.59060
Z0456,1261.83167,580.09927,44.65321,2691.92949
Z0457,1180.66710,553.17106,27.60692,2556.44234
Z0458,1210.92385,566.48000,55.17789,2641.33886
Z0459,1231.37323,569.47257,24.22938,2624.53610
Z0460,1223.12324,566.79500,21.28488,2605.49583
Z0461,1214.57872,564.02238,25.98210,2585.06698
Z0462,1206.52365,561.38120,26.73097,2564.10164
Z0463,1193.92198,557.57545,22.09023,2555.32730
Z0464,1198.23845,558.66777,22.47676,2542.18550
Z0465,1191.50430,556.43136,24.85442,2523.07085
Z0466,1182.84376,553.53608,33.88565,2495.05976
Z0467,1306.09267,585.88372,51.62130,2688.87709
Z0468,1175.93088,551.26060,29.44293,2470.15801
Z0469,1139.68744,537.95054,20.35881,2420.10229
Z0470,1141.01032,538.38722,20.35881,2432.15286
Z0471,1145.70845,540.15849,19.93692,2448.26856
Z0472,1119.93731,529.27678,24.69708,2406.25043
Z0473,1101.90749,521.18333,26.39157,2358.76031
Z0474,1080.02325,509.88260,39.98039,2330.18233
Z0475,1100.93156,520.44268,26.39157,2371.03284
Z0476,1222.40704,565.62694,66.42946,2501.38511
Z0477,1153.48661,543.57380,36.85023,2410.48015
Z0478,1132.35537,535.29886,36.85023,2378.93245
Z0479,1175.17562,551.74431,25.97627,2450.63866
Z0480,1175.66424,551.60841,25.97627,2441.34355
Z0481,979.67398,442.90514,35.01682,2235.43716
Z0482,997.74966,454.81357,36.51947,2297.64240
Z0483,1266.93623,577.34738,42.52350,2563.84659
Z0484,1059.96662,499.87232,30.58427,2278.85761
Z0485,1099.45420,522.00755,27.05898,2378.61946
Z0486,1077.94161,510.40053,27.96953,2327.57087
Z0487,1040.32249,488.03006,23.61395,2243.55221
Z0488,1025.07702,477.75158,30.89447,2220.84821
Z0489,951.64073,416.23969,41.92819,2195.12160
Z0490,948.27080,407.64080,29.59102,2180.97620
Z0491,966.63434,431.03123,29.62666,2224.91124
Z0492,975.45596,438.39264,29.62666,2243.05203
Z0494,1006.99393,458.76413,15.75357,2336.83084
Z0496,1003.63665,457.35376,30.29855,2326.43434
Z0497,989.68825,447.62651,24.29372,2291.16424
Z0498,990.84743,447.86248,13.59039,2296.88278
Z0499,1026.90108,477.33569,25.12107,2289.84532
Z0500,1006.10968,463.11582,25.40178,2265.00495
Z0501,1018.14921,472.89245,27.85085,2224.80170
Z0502,1157.18812,544.67375,28.37399,2448.29784
Z0503,1011.17747,466.91138,25.39169,2265.29442
Z0504,993.16346,453.00148,35.01682,2261.92785
Z0505,992.21252,447.98178,11.71091,2302.25951
Z0506,1162.04025,546.36278,26.44556,2473.80571
Z0507,1170.75463,549.50043,21.72630,2512.46581
Z0508,1157.06146,544.35131,23.84016,2488.62716
Z0509,1108.18413,523.47455,31.47333,2400.53495
Z0510,1149.98578,541.37278,30.79077,2490.85874
Z0511,1172.37899,550.07192,22.49521,2529.90633
Z0512,1185.13875,554.69237,22.49521,2552.26682
Z0513,1199.99245,559.73422,18.58817,2575.17755
Z0514,1210.74622,563.23216,18.58817,2593.53978
Z0515,1514.10038,633.01431,11.73993,2852.69952
Z0516,1145.51223,543.74648,21.41369,2465.56129
Z0517,1157.35089,548.10921,29.51114,2477.22656
Z0518,1173.82417,554.05097,29.51114,2497.82894
Z0519,1130.59533,537.40996,10.37806,2454.95331
Z0520,1118.40716,531.75237,15.26779,2431.25655
Z0521,1106.89934,526.08625,13.93812,2407.90680
Z0523,1143.95451,543.19119,20.38170,2480.88374
Z0524,1154.26742,547.55383,20.28517,2499.22111
Z0525,1164.03789,551.54786,14.92246,2516.56631
Z0526,1175.85340,556.29435,15.39845,2535.83807
Z0527,1188.77934,561.29651,19.65259,2556.26686
Z0528,1199.78281,565.37886,13.77154,2574.17513
Z0529,1210.40520,569.18632,19.47086,2591.34113
Z0530,1239.06823,578.95736,15.89380,2634.32011
Z0531,1253.22572,582.77149,35.47638,2644.41782
Z0532,1168.75301,550.07378,26.49565,2456.22328
Z0533,1304.14867,597.00620,42.12414,2734.85988
Z0534,1226.48028,571.80006,35.23674,2620.00022
Z0535,1255.59849,582.94836,32.22220,2667.94474
Z0536,1282.45100,592.04190,47.52161,2697.48017
Z0537,1321.54466,602.19108,40.32860,2751.06282
Z0538,880.62982,362.55296,64.51962,1872.63604
Z0539,890.34328,370.22462,21.85141,1935.58215
Z0540,898.97754,377.60402,20.19775,1976.38393
Z0541,900.73442,378.16504,21.13006,1998.02808
Z0542,895.75854,373.88275,20.69437,1977.46128
Z0543,893.38339,370.85316,24.60035,1975.59080
Z0544,880.80744,359.25783,33.56134,1910.45336
Z0545,965.23597,425.95661,37.38588,2234.51186
Z0546,955.88753,416.25210,29.57875,2207.77354
Z0547,954.70953,410.06648,43.97916,2191.62600
Z0549,912.63709,378.53374,43.30391,2046.59394
Z0550,901.03412,371.26262,19.21848,2005.65259
Z0551,903.33701,371.98035,17.38599,1997.20079
Z0552,970.43671,427.66897,39.63554,2247.40658
Z0553,973.61356,434.73194,30.68799,2253.32651
Z0554,979.07495,437.73118,21.62243,2270.11927
Z0555,981.10374,437.55241,29.95065,2275.90664
Z0556,1032.84140,481.69949,45.66102,2279.76229
Z0557,1016.27411,470.63603,25.12107,2264.73661
Z0558,994.99795,454.94328,36.02857,2252.71854
Z0559,1153.15085,544.15829,26.49565,2429.75898
Z0560,1134.23124,536.52355,30.74896,2399.64916
Z0561,1109.72884,527.26271,25.58893,2401.46424
Z0562,1088.18634,516.04733,29.86886,2352.73979
Z0563,1046.68406,491.52289,32.19956,2250.20626
Z0564,1138.41811,541.24071,17.32297,2570.03778
Z0565,1287.71747,609.10179,34.04523,2810.92119
Z0566,1276.97073,602.85069,32.02947,2789.65281
Z0567,1382.44821,639.08026,25.82575,2952.35436
Z0568,1358.68657,629.33053,26.39700,2917.83389
Z0569,1282.43409,604.53040,22.04403,2811.46103
Z0570,1362.80514,634.60218,21.51458,2927.22300
Z0571,1189.13567,564.61162,28.07518,2671.01925
Z0572,1186.45944,560.77058,28.07518,2662.64194
Z0573,1163.81009,554.21383,21.87917,2634.17822
Z0574,1144.94644,533.32063,29.71146,2582.22223
Z0575,1129.14131,520.50352,34.18865,2544.89368
Z0576,1148.26581,531.17495,26.22642,2578.96806
Z0577,1148.33076,527.80863,30.63936,2570.85502
Z0578,1114.47249,507.59657,25.18704,2505.97283
Z0579,1124.24924,510.42941,25.18704,2516.09849
Z0580,1171.29229,529.23329,56.28608,2583.26176
Z0581,1194.19858,556.08719,28.93448,2659.56746
Z0582,1200.38311,550.26025,25.25544,2651.05971
Z0583,1103.93020,505.81370,28.64898,2498.77468
Z0584,1104.07171,508.96072,29.38912,2507.24494
Z0585,1095.01641,498.51631,28.64898,2476.54914
Z0586,1077.85846,491.11999,24.22588,2453.19633
Z0587,1089.43434,499.40947,26.85748,2478.30099
Z0588,1117.69488,518.53295,24.30926,2535.71909
Z0589,1121.44992,490.81144,45.51794,2417.25017
Z0590,1320.18645,552.85867,25.32017,2706.43483
Z0591,1213.98936,534.45664,44.73571,2608.97380
Z0592,1266.36843,583.80768,20.34307,2765.49394
Z0593,1304.25108,606.36469,22.08529,2834.49343
Z0594,1299.49578,609.48062,22.45802,2834.28148
Z0595,1406.79323,642.98721,19.15600,2982.26897
Z0596,1344.96752,630.54230,23.58313,2904.28743
Z0597,1442.97529,618.57143,37.68123,2871.13965
Z0598,1432.54854,615.05505,31.78669,2844.62498
Z0599,1417.56572,611.70302,41.92600,2817.20666
Z0600,1395.96405,607.56427,39.25334,2783.14563
Z0601,1404.44694,611.45663,27.70866,2811.57434
Z0602,1348.28516,600.02531,24.63745,2726.50372
Z0603,1367.77583,602.61590,31.08987,2744.54057
Z0604,1389.92035,605.19455,21.86312,2764.99598
Z0605,1529.90833,634.13761,32.07359,3007.77632
Z0606,1581.37048,638.35101,39.91321,3069.57208
Z0607,1497.80070,631.06353,28.81536,2969.69087
Z0608,1509.30150,631.70696,28.81536,2980.76124
Z0609,1521.18723,632.17640,28.98297,2991.87681
Z0610,1084.69877,491.62094,64.27352,2229.09113
Z0611,1097.93943,490.50919,59.52220,2234.23345
Z0612,1153.58326,506.81724,5.56840,2304.49532
Z0614,1156.38941,548.59630,24.56349,2492.51011
Z0615,1169.18861,553.37123,34.19651,2505.95297
Z0616,1185.61505,558.84790,33.47519,2522.64688
Z0617,1194.75142,561.17134,32.63806,2525.88916
Z0618,1098.31447,519.20856,34.98345,2415.44087
Z0619,1058.23815,499.32801,19.23347,2294.29628
Z0620,1416.45354,613.91235,27.70866,2831.23328
Z0621,872.98043,363.24824,26.82557,1761.18790
Z0622,871.70068,359.49472,45.77092,1763.39107
Z0623,868.71572,357.81021,24.98567,1745.76230
Z0624,869.86320,361.60890,27.78209,1717.52866
Z0625,868.09600,356.56965,24.98567,1755.12821
Z0626,869.32018,355.07872,24.62435,1796.48869
Z0627,869.01748,355.72045,21.12863,1776.72009
Z0628,867.65139,357.13459,43.50390,1735.03384
Z0629,872.58264,355.45985,20.22974,1837.01491
Z0630,874.34649,356.04696,12.13268,1857.28031
Z0631,875.72041,356.56865,20.55682,1864.24881
Z0632,877.76858,357.46340,20.55682,1883.69620
Z0633,876.41088,356.95283,11.98122,1876.97835
Z0634,886.72018,362.06493,32.63331,1916.36198
Z0635,886.50294,362.35956,32.63331,1897.17672
Z0636,883.87759,361.73143,29.31798,1863.57514
Z0637,883.27641,362.41638,29.31798,1838.92285
Z0638,882.99318,363.52242,29.78490,1812.73878
Z0639,962.47356,419.38913,13.64376,1966.66763
Z0640,950.98355,411.30407,31.73567,1935.01426
Z0641,965.91045,417.45812,41.88887,1984.67669
Z0642,1405.74903,618.16724,52.80455,2863.55759
Z0643,1220.35904,572.08096,55.69699,2592.90128
Z0644,874.83288,369.90669,16.47994,1666.80933
Z0645,1307.65428,543.26825,21.49076,2485.92102
Z0646,917.90914,392.16251,13.25647,1847.88980
Z0647,920.35631,393.45018,13.25647,1855.26651
Z0648,909.41342,385.54644,31.77887,1816.11095
Z0649,950.09987,413.55175,44.96721,1942.66119
Z0650,969.61767,430.08799,29.00353,2001.08768
Z0651,869.89728,359.16027,20.90393,1724.61961
Z0652,868.83918,359.71422,31.33188,1704.10874
Z0653,931.90470,419.80314,31.09844,1907.43838
Z0654,920.22512,411.98259,37.36872,1870.17708
Z0655,906.93198,402.11925,34.07959,1817.43194
Z0656,895.98192,392.50344,26.94781,1799.68390
Z0657,887.89021,383.77134,25.70326,1801.57484
Z0658,888.94988,381.69546,29.43411,1838.03644
Z0659,892.93142,386.92023,35.37267,1836.79166
Z0660,899.28961,393.91131,18.84583,1836.19460
Z0661,907.42167,401.48054,43.28362,1836.51436
Z0662,917.08734,409.36423,37.46824,1840.57796
Z0663,928.67789,404.02208,62.36403,2019.93312
Z0664,921.85471,412.60885,33.71868,1890.69342
Z0665,906.13508,397.30624,29.83719,1815.89791
Z0666,1097.78133,521.20358,20.43128,2397.49082
Z0667,1262.38165,577.11403,42.52350,2573.41003
Z0668,1072.77604,507.83355,27.00738,2331.63626
Z0669,969.35915,441.63173,29.55480,2016.33629
Z0670,948.77854,422.31091,15.02820,1940.46050
Z0671,1024.99613,477.50635,25.68177,2123.52614
Z0672,980.81458,446.15020,16.85199,2028.34668
Z0673,990.18693,453.69659,16.05835,2047.21328
Z0674,975.10120,441.04865,8.82203,2016.44222
Z0675,986.66069,449.92339,19.79974,2044.11736
Z0676,1030.73064,481.51114,40.25100,2124.28244
Z0677,1147.97463,539.70192,29.19794,2360.77409
Z0678,1130.52777,531.26101,22.39544,2331.72407
Z0679,1126.64747,525.48177,14.86690,2321.97044
Z0680,1170.15424,548.27989,36.96347,2395.59713
Z0681,1181.17093,549.20311,39.49730,2409.90639
Z0682,1088.01226,513.48886,23.17416,2479.86575
Z0683,1087.25468,512.53397,28.36620,2469.00234
Z0684,1067.75410,501.44016,51.98458,2456.37066
Z0685,1115.79262,529.78092,43.78221,2536.30891
Z0686,1286.90530,594.76761,28.91129,2767.67306
Z0687,1379.72929,591.62554,36.67895,2613.86402
Z0688,1614.92960,614.70851,20.99071,2963.83433
Z0689,1389.38587,595.19037,40.60843,2594.69385
Z0690,1390.69717,594.63138,40.60843,2608.81797
Z0691,1346.80490,580.04189,42.21477,2617.42944
Z0692,1345.60169,583.71775,41.65623,2589.91805
Z0693,1334.23864,582.67346,37.44097,2566.00536
Z0694,1303.66254,577.62009,20.84856,2514.39503
Z0695,1309.01476,579.63583,13.70416,2511.29830
Z0696,1390.40486,592.16043,52.51624,2639.90888
Z0697,1367.63550,590.38364,36.67895,2589.88575
Z0698,1334.41459,583.75320,37.44097,2556.18502
Z0699,1351.35351,588.67532,49.64601,2554.14793
Z0700,1393.30047,591.30766,37.83242,2656.77524
Z0701,1309.57471,576.08748,35.02760,2545.26515
Z0702,1287.03566,570.23929,35.02760,2519.90010
Z0703,1209.55417,546.56081,40.63205,2426.33537
Z0704,1120.05924,514.78515,40.60743,2294.14700
Z0705,1181.85123,540.26987,28.17230,2374.24261
Z0706,1164.20178,535.32555,37.15637,2341.71081
Z0707,1300.87740,576.08055,31.23282,2519.46298
Z0708,1280.39748,571.70106,31.24727,2488.87375
Z0709,1259.97017,565.89068,29.79935,2467.25888
Z0710,1225.43263,557.05918,42.75817,2413.41735
Z0711,1240.73090,560.24230,29.79935,2444.67272
Z0712,1222.51754,554.45210,30.04499,2423.47474
Z0713,1198.05607,546.11529,28.17230,2394.31899
Z0714,1185.32963,543.26869,37.98253,2367.38945
Z0715,1159.52580,531.56599,28.54638,2346.55676
Z0716,1138.25685,524.95447,40.39096,2308.10217
Z0717,1144.25022,525.36916,28.54638,2326.45790
Z0718,1113.10249,513.91609,40.60743,2274.65198
Z0719,1201.33769,536.88600,42.39877,2437.77648
Z0720,1175.13039,527.59316,34.05978,2400.69543
Z0721,1153.09381,520.25811,34.05978,2366.78603
Z0722,1264.16585,563.02277,42.42273,2497.41538
Z0723,1354.96614,580.51593,42.21477,2634.54122
Z0724,1117.34127,508.32281,46.97539,2307.58254
Z0725,1168.71552,528.98868,50.13482,2382.24971
Z0726,1129.16663,514.91179,54.82937,2320.67578
Z0727,1162.06016,529.00460,50.13482,2364.59009
Z0728,1249.15318,549.72957,34.11987,2508.62424
Z0729,1225.25883,542.97966,34.11987,2474.65280
Z0730,1199.85163,534.04661,47.89558,2439.78413
Z0731,1053.50047,484.15083,51.66324,2189.35444
Z0732,1091.60504,494.59215,25.97271,2271.08112
Z0733,1083.69513,492.06838,26.21386,2257.08222
Z0734,1065.21309,486.50985,57.09559,2220.13084
Z0736,1124.65471,505.80784,19.09481,2325.90203
Z0737,1101.06652,497.61473,25.97271,2287.04995
Z0738,1276.04095,582.54390,29.13105,2545.12663
Z0739,1288.35936,576.03166,36.16189,2469.82316
Z0740,1331.26286,585.79947,49.64601,2515.76054
Z0741,1063.12999,500.79672,40.47810,2140.48916
Z0742,988.38642,459.03366,36.77271,2009.95590
Z0743,967.04223,444.72199,40.04095,1962.05429
Z0744,1008.18646,471.57925,28.86312,2054.60616
Z0745,1037.06792,490.46628,27.98141,2220.30514
Z0746,1036.64695,489.78607,23.12137,2233.89086
Z0747,1021.95594,481.10934,33.89068,2123.56195
Z0748,1026.22016,482.29810,24.59716,2094.79913
Z0749,1012.68596,476.08318,35.42784,2124.63679
Z0750,1142.62475,540.16015,32.28828,2382.83237
Z0751,1186.81364,554.83890,31.61481,2406.27887
Z0752,1172.56361,549.20771,32.01420,2374.73923
Z0753,1141.70412,538.62391,30.04971,2350.03143
Z0754,1123.10472,529.01051,35.65962,2276.93978
Z0755,1254.97684,577.00269,29.13105,2517.70280
Z0756,1230.12638,570.20567,33.73110,2490.55290
Z0757,1207.24971,563.24131,33.39850,2463.24927
Z0758,1185.22215,555.94266,33.39850,2436.23632
Z0759,1163.24908,548.09704,33.36672,2409.36459
Z0760,1207.88793,561.86696,31.61481,2436.06171
Z0761,1160.10700,545.82093,30.04971,2379.24061
Z0762,1154.95864,542.38907,32.01420,2342.73325
Z0763,1253.67650,571.04877,40.53817,2410.08858
Z0764,1123.10504,532.14479,32.28828,2356.33602
Z0765,1083.64491,514.46889,32.17665,2301.13031
Z0766,1074.21689,509.78860,27.79620,2296.61847
Z0767,1055.28140,499.86296,36.92009,2270.11781
Z0768,1087.30144,512.28515,32.59130,2185.67504
Z0769,1079.82878,509.94597,34.07791,2199.46127
Z0770,1071.35260,506.72794,33.71117,2204.65164
Z0771,1063.54751,503.57693,33.71117,2209.64681
Z0772,1049.39980,494.88184,33.06384,2140.35116
Z0773,1045.29685,493.51394,33.06384,2153.57416
Z0774,1043.53501,493.23288,34.71569,2170.66202
Z0775,1001.44997,469.33278,37.66994,2126.51478
Z0776,981.97065,456.14054,19.06155,2095.58545
Z0777,1026.20800,483.94717,18.46830,2210.77331
Z0778,1016.61139,478.34220,14.21484,2188.41125
Z0779,1004.61926,470.99522,30.21065,2158.34317
Z0780,995.60442,465.45506,35.16655,2093.00182
Z0781,986.03199,459.16116,28.30978,2089.51745
Z0782,976.08950,452.07781,19.06155,2076.87081
Z0783,970.02973,447.89546,27.77711,2047.45622
Z0784,979.32088,454.52639,27.77711,2057.50658
Z0785,972.23486,449.47736,27.33012,2030.59123
Z0786,970.04676,447.74661,26.44002,2009.48253
Z0787,988.84647,460.42640,29.36850,2045.38494
Z0788,1049.19709,486.63898,49.49222,2160.33525
Z0789,1037.02880,478.16724,51.66324,2151.04078
Z0790,1035.62244,481.81499,36.08894,2123.35818
Z0791,1023.39496,478.11832,36.15670,2076.08026
Z0792,1017.63201,476.07563,36.15670,2051.26852
Z0793,1247.97261,565.15353,49.15004,2425.19262
Z0794,1137.47437,528.01379,43.02233,2282.54507
Z0795,1068.70639,498.87814,30.33849,2175.69697
Z0796,1054.89262,491.59161,31.14137,2157.05635
Z0797,1278.85670,574.49004,36.16189,2446.05455
Z0798,1252.02483,567.53411,32.87721,2411.72773
Z0799,1169.88963,541.04572,30.96277,2315.80632
Z0800,1207.20828,552.73885,42.68269,2375.74065
Z0801,1133.79738,528.25574,33.81217,2259.05944
Z0802,1115.01918,520.53353,31.74223,2235.42456
Z0803,1098.31869,513.19589,31.14704,2214.15210
Z0804,1082.78123,505.91992,30.33849,2194.00852
Z0805,1115.35169,522.52043,32.01793,2210.53338
Z0806,1098.32240,515.18589,31.87934,2190.12470
Z0807,1082.31612,507.81571,31.51472,2170.80005
Z0808,1067.04438,500.35850,31.20772,2151.55356
Z0809,1052.85630,492.97463,31.20772,2133.44507
Z0810,1038.82597,485.29456,31.92153,2114.53633
Z0811,1091.75334,513.41178,32.59130,2171.79384
Z0812,1055.12652,495.77884,34.55857,2117.26402
Z0813,1040.33324,488.93772,34.55857,2094.96482
Z0814,1132.09674,524.44050,43.02233,2286.96524
Z0815,1093.43508,507.09819,32.87503,2235.53497
Z0816,1107.85340,515.49294,26.86798,2244.03039
Z0817,1079.18438,502.00519,34.78271,2204.97844
Z0818,1009.74961,466.73501,53.18174,2083.26294
Z0819,988.41411,454.09093,53.18174,2045.39899
Z0820,1023.15355,476.37188,35.86633,2091.31787
Z0821,995.80139,462.65463,36.77271,2018.35726
Z0822,997.48681,462.18318,43.66564,2038.60642
Z0823,977.84343,450.86967,44.32261,1990.00056
Z0824,1367.31168,610.25265,33.65480,2804.18896
Z0825,1330.71291,602.33907,36.63196,2749.47163
Z0826,1331.67767,602.51244,25.93167,2736.29165
Z0827,1350.79990,606.78584,25.93167,2762.11003
Z0828,1328.19372,601.77361,33.52409,2737.88445
Z0829,1305.13557,595.91739,36.63196,2717.70815
Z0830,1318.47604,598.76269,25.90770,2704.07582
Z0831,1382.72572,612.78954,28.28392,2796.60398
Z0832,1373.93236,611.52733,34.57896,2794.97148
Z0833,1332.52172,602.45496,31.01007,2730.69866
Z0834,1355.37820,607.48662,31.01007,2761.59247
Z0835,1303.42258,595.54689,21.35776,2699.61604
Z0836,1286.20927,589.81121,40.40688,2643.47799
Z0837,1219.88858,568.52415,25.69834,2504.36935
Z0838,1191.11123,560.03024,25.53248,2501.99556
Z0839,1338.78064,599.60454,49.09674,2678.00465
Z0840,1202.88958,563.07255,25.69834,2483.79692
Z0841,1196.42789,561.77103,25.62977,2501.53505
Z0842,1309.51013,596.32452,25.90770,2686.93935
Z0843,1292.90429,590.85343,42.59686,2639.95784
Z0844,1305.05493,590.60174,22.36816,2602.29493
Z0845,1319.10318,594.23183,25.44027,2630.68501
Z0846,1322.06132,598.48510,47.99410,2690.40432
Z0847,1202.33039,563.59628,25.62977,2501.62857
Z0848,1280.17085,584.99765,28.24528,2574.41117
Z0849,1249.50421,580.01663,37.48317,2620.93172
Z0850,1211.75594,567.50148,38.80119,2541.23342
Z0851,1305.98679,592.31623,42.05961,2629.36455
Z0852,1262.88044,583.97577,39.40777,2656.13330
Z0853,1208.62703,565.41926,26.20901,2501.59974
Z0854,1381.44581,578.03768,73.06622,2690.52696
Z0855,1347.10963,600.00881,32.40554,2671.55257
Z0856,1243.49670,578.05430,43.44867,2599.70158
Z0857,1298.92576,591.53120,42.05961,2634.39091
Z0858,1249.59077,577.15351,43.24739,2539.28708
Z0859,1330.52654,599.18983,50.32686,2685.05177
Z0860,1268.32608,583.06902,49.96501,2579.30134
Z0861,939.63261,393.67193,29.60769,2075.21744
Z0862,931.62766,389.95949,10.11981,2022.33242
Z0863,932.64330,389.81407,22.17393,2046.20239
Z0864,933.81735,391.43010,10.11981,2022.79757
Z0865,925.72196,385.56419,65.98952,2065.28319
Z0866,971.17526,438.33051,26.88921,2030.73866
Z0867,1014.81983,463.03232,5.59954,2125.10946
Z0868,1012.32513,461.76013,5.59954,2120.15315
Z0871,1123.61216,532.48856,56.36140,2402.97037
Z0874,1211.81087,566.49073,38.52199,2595.36432
Z0875,1333.93789,604.32032,42.12414,2774.19523
Z0876,1073.03504,505.59384,62.82442,2348.19981
Z0877,1186.35546,558.36482,25.53248,2502.62361
Z0878,1234.00576,574.95959,37.48317,2605.43569
Z0879,1156.31421,546.31889,40.30848,2472.78675
Z0880,1320.86845,600.28723,50.91114,2753.90593
Z0881,1126.52001,532.79982,43.26722,2434.79879
Z0882,1393.00390,616.56811,52.80455,2849.68071
Z0883,1184.10235,557.52927,32.47201,2508.54576
Z0884,1190.24249,559.73497,41.96194,2528.14824
Z0885,1139.56414,537.61630,41.06497,2471.66889
Z0886,1155.18550,545.52972,40.30848,2480.84065
Z0887,1227.98076,572.36442,38.52199,2615.64840
Z0888,1204.90455,564.55861,52.05330,2570.34201
Z0889,1073.43265,507.64046,45.31739,2330.80896
Z0890,1150.64672,543.10684,37.69320,2482.50696
Z0891,1007.83971,472.23695,19.90142,2181.42146
Z0892,963.28140,438.12507,39.38308,2103.47537
Z0893,1016.35096,477.40142,20.02036,2201.43526
Z0894,1223.84361,573.87173,20.98018,2612.05247
Z0895,1009.48298,472.33616,26.20678,2195.23367
Z0896,1348.36573,608.46142,45.61341,2788.58260
Z0897,996.62189,464.12951,29.43677,2165.36872
Z0898,1007.49175,469.32815,42.97865,2204.44458
Z0899,1050.27030,494.68884,37.24290,2292.61724
Z0900,992.09277,462.18423,19.87562,2141.72209
Z0901,985.58781,457.00875,25.19352,2135.51767
Z0902,983.18385,450.31830,66.81049,2165.92798
Z0903,975.51441,448.24231,39.38308,2125.85522
Z0904,1023.33963,480.35977,31.85181,2228.74281
Z0905,1025.02134,482.43975,13.54783,2221.42928
Z0906,999.88285,467.25642,19.87562,2161.58029
Z0908,938.93350,424.26250,29.12392,1972.85413
Z0909,991.18058,452.22309,19.17581,2072.12899
Z0910,996.38749,455.88755,27.14243,2079.23570
Z0911,986.17194,450.11117,19.17581,2059.09253
Z0912,941.61129,426.96065,66.44428,1913.25249
Z0913,971.57278,440.88285,26.50688,2030.22190
Z0914,973.18010,448.84067,19.89375,2096.56961
Z0915,960.28633,437.14078,39.68619,1987.59965
Z0916,933.95622,420.81436,29.12392,1945.81517
Z0917,945.15790,427.48826,58.33950,2022.94962
Z0918,974.26041,443.14881,26.50688,2034.10674
Z0919,1158.01987,515.13156,73.10631,2360.25182
Z0920,1409.17057,579.62461,57.10642,2713.02571
Z0921,942.66360,424.68221,32.84186,1956.30881
Z0922,940.85744,420.76323,23.01807,1949.91178
Z0923,927.44200,413.09694,31.19139,1912.28092
Z0924,930.96154,414.62026,14.94872,1918.42556
Z0925,936.51009,421.72237,26.52778,1935.33574
Z0926,954.76141,432.98915,26.18723,1981.97965
Z0927,951.87536,430.66454,26.18723,1978.37339
Z0928,938.40178,423.39921,26.52778,1935.87545
Z0929,947.36447,425.91703,57.21193,1971.51380
Z0930,923.29180,411.65233,24.88977,1902.39148
Z0931,903.31477,399.85974,20.96591,1826.91043
Z0932,908.93679,403.91508,17.34626,1848.47794
Z0933,908.65401,402.66578,23.63471,1853.34554
Z0934,902.27193,397.39091,21.34475,1829.08901
Z0935,892.62072,390.50958,22.23492,1765.48900
Z0936,902.00471,397.91133,20.50534,1828.37152
Z0937,897.40657,394.89861,22.60531,1789.09141
Z0938,906.69503,395.80637,49.20048,1913.64560
Z0939,887.72335,386.40046,23.01280,1750.58228
Z0940,893.48707,391.87528,16.20995,1782.43485
Z0941,898.50206,396.12578,20.96591,1806.22678
Z0942,896.94194,394.58361,20.29409,1805.25967
Z0943,883.99760,382.45386,21.74073,1735.09730
Z0944,917.09518,408.40568,13.91266,1882.11563
Z0945,902.23038,398.96028,13.38190,1811.51641
Z0946,908.64163,403.88744,17.87582,1838.42095
Z0947,935.38437,422.31696,30.43363,1907.68089
Z0948,888.63931,387.42091,24.14707,1763.93015
Z0949,920.52264,409.90560,38.46343,1919.01187
Z0950,926.63325,416.38180,30.43363,1877.55676
Z0951,892.44296,390.80116,20.29409,1784.97741
Z0952,906.92028,401.96606,15.81955,1845.62311
Z0953,902.79743,398.94272,15.81955,1830.29299
Z0954,884.56355,378.84914,29.43411,1808.67535
Z0955,924.75381,414.08493,38.46343,1906.83504
Z0956,1148.70666,543.22567,53.90170,2441.54550
Z0957,1119.35939,532.05742,25.58893,2422.46945
Z0958,928.42823,407.01709,22.96447,2028.77724
Z0959,1378.60520,606.50553,44.06395,2773.15410
Z0960,905.13829,390.05299,25.89917,1939.49733
Z0961,1142.81558,542.92012,8.94837,2468.84955
Z0962,923.66014,408.33951,67.88516,1981.79938
Z0963,941.71634,419.86054,72.80617,2056.59827
Z0964,1084.97116,514.58996,30.08736,2360.63842
Z0965,899.77052,386.31327,25.89917,1914.69306
Z0966,1132.21972,538.17980,13.35703,2448.59213
Z0967,931.05146,407.82795,43.22103,2040.58093
Z0968,1346.12922,598.32743,22.38939,2714.04452
Z0969,875.10031,371.90254,29.93358,1711.18791
Z0970,875.25410,367.94997,30.91757,1769.43401
Z0971,878.97636,373.02808,28.28856,1784.01245
Z0972,920.31861,407.46025,28.99450,1877.67234
Z0973,906.51368,398.14758,21.40255,1827.34755
Z0974,879.15056,377.24766,28.95191,1711.41711
Z0975,895.85554,393.19009,20.28773,1802.84788
Z0976,877.01160,374.27944,26.81134,1697.02350
Z0977,890.76816,388.32921,20.57543,1779.36474
Z0978,881.44450,379.37787,17.92299,1740.29310
Z0979,883.69211,382.43554,28.20146,1734.55695
Z0980,875.61744,370.20039,28.28856,1756.15742
Z0981,879.28846,376.64309,17.92299,1741.06534
Z0982,887.62886,386.21419,22.43819,1762.59972
Z0983,912.13375,402.06048,21.40255,1848.73724
Z0984,872.48920,367.12223,29.35378,1724.08527
Z0985,875.18212,372.39598,29.93358,1683.69964
Z0987,890.79525,386.92883,36.22839,1772.64859
Z0988,877.46954,373.93169,20.60171,1745.19979
Z0989,875.87050,366.07935,19.96337,1786.41246
Z0990,907.88243,401.41015,21.34475,1850.37041
Z0991,882.76415,375.35909,31.24668,1814.90533
Z0992,880.76453,377.69714,31.46442,1719.37925
Z0993,895.21410,392.01327,20.57543,1799.81944
Z0994,880.13820,376.01877,25.75883,1771.12169
Z0995,891.49058,389.58205,20.28773,1782.76978
Z0996,885.73490,383.69398,25.98858,1753.38295
Z0997,930.11337,413.51008,23.57765,1908.66317
Z0998,914.26084,402.98448,28.70693,1847.08466
Z0999,923.86504,408.81291,27.14915,1870.88866
Z1000,922.78125,408.53936,27.14915,1876.85825
Z1001,946.84923,422.70815,41.64548,1947.73281
Z1002,998.16107,455.31174,56.08708,1960.02855
Z1003,957.52234,430.29432,22.51325,1892.73556
Z1004,945.50292,422.06139,25.66714,1855.18844
Z1005,970.58290,437.34774,36.06392,1931.05873
Z1006,950.51262,424.51190,30.38492,1925.41640
Z1007,939.53462,418.00160,38.03037,1862.42466
Z1008,966.41508,436.41955,29.37183,1921.81356
Z1009,965.53730,433.79404,36.06392,1936.83477
Z1010,942.20091,419.62690,38.03037,1885.90347
Z1011,951.89135,426.40979,22.51325,1871.09073
Z1012,889.67676,382.33174,18.81595,1717.22153
Z1013,870.60246,360.80483,20.90393,1704.70719
Z1014,899.78676,391.30147,19.37980,1766.21231
Z1015,902.40443,391.66420,19.21690,1740.51498
Z1016,908.75679,397.13278,20.15619,1773.92885
Z1017,886.35274,376.58771,24.36005,1686.51260
Z1018,875.36960,364.41277,21.03883,1699.10569
Z1019,906.81604,397.13111,31.63455,1805.09204
Z1020,893.00998,373.76692,39.24549,1896.20840
Z1021,870.67558,357.34758,18.02075,1765.80792
Z1022,912.70891,399.03934,11.63243,1777.66920
Z1023,899.98702,379.46469,35.22149,1936.39929
Z1024,868.48801,361.00158,21.28711,1691.18068
Z1025,893.78497,387.30382,18.11349,1757.16458
Z1026,879.26781,365.43182,24.08906,1813.84684
Z1027,889.53347,380.46917,27.16855,1690.96212
Z1028,882.26355,372.86630,24.36005,1665.25730
Z1029,895.35481,387.39560,21.98504,1742.87445
Z1030,904.40550,382.85329,19.68689,1979.16392
Z1031,910.70836,397.24150,11.63243,1775.86778
Z1032,869.12949,362.73830,21.28711,1671.44810
Z1033,898.76703,391.65996,27.08358,1783.88751
Z1034,881.86789,366.70134,24.08906,1828.58004
Z1035,870.17747,363.58912,27.78209,1706.44048
Z1036,900.62040,393.78399,16.46858,1803.15008
Z1037,893.04389,373.30507,19.66068,1923.99914
Z1038,890.24345,383.79176,23.28277,1734.44122
Z1039,871.00221,363.86222,43.06928,1662.09538
Z1040,894.87202,389.15659,16.06277,1777.05326
Z1041,892.83890,384.60270,19.20600,1722.17487
Z1042,909.11132,386.76567,20.70995,1999.31648
Z1043,919.72157,404.53673,21.11621,1787.61889
Z1044,884.46178,367.75224,31.49932,1837.51090
Z1045,924.99881,407.97769,23.65085,1812.48930
Z1046,899.93499,379.04887,18.66486,1961.84627
Z1047,1012.37948,468.75118,27.85085,2227.95203
Z1048,890.16608,378.80524,28.15966,1713.16066
Z1049,910.92116,398.11514,12.09187,1763.62716
Z1050,874.91483,362.57065,24.84096,1723.91511
Z1051,919.25575,405.01478,15.85970,1824.98848
Z1052,871.19523,356.25616,15.54956,1793.35442
Z1053,896.28784,375.98893,18.66486,1943.61462
Z1054,870.84271,365.94629,27.35374,1669.09157
Z1055,919.79356,403.61715,26.76859,1811.54767
Z1056,886.29105,379.47654,18.81595,1706.24689
Z1057,917.88582,402.85958,18.20598,1793.25242
Z1058,880.68961,375.49637,33.20861,1697.63499
Z1059,914.73484,401.91248,15.85970,1809.74007
Z1060,927.96422,410.51089,42.14522,1831.32293
Z1061,889.77215,384.60273,24.66672,1750.83103
Z1062,927.27181,410.45663,40.57768,1862.51409
Z1063,877.78544,365.43670,24.94951,1804.64959
Z1064,896.81066,389.40215,18.11349,1763.09362
Z1065,1244.25983,571.09057,75.27308,2584.44149
Z1066,1079.86652,508.89997,21.91282,2361.68829
Z1067,1079.62924,509.11896,21.91282,2350.69469
Z1068,1049.86209,493.04127,32.19956,2273.41282
Z1069,1370.31017,625.02037,37.34903,2675.82884
Z1070,1020.75295,473.87472,34.06870,2119.88539
Z1072,1044.44095,476.17493,42.39815,2165.14265
Z1073,1463.92692,641.67855,13.87497,2797.33813
Z1074,1178.80886,558.54902,32.52808,2410.92104
Z1075,1222.62949,577.68039,47.49788,2475.18401
Z1076,1015.66992,470.60424,14.30616,2064.20749
Z1077,1660.89487,669.36523,23.11468,3021.48356
Z1078,1660.76598,670.19843,24.44004,3017.55077
Z1079,1626.81306,668.13811,26.77532,2976.16157
Z1080,1570.70557,662.29869,28.30823,2918.50526
Z1081,1348.51269,620.62026,21.78238,2634.28936
Z1082,1365.87233,623.86890,19.00871,2649.13594
Z1083,1380.60404,628.64734,24.06433,2675.27452
Z1084,1346.14086,619.46666,14.62731,2627.24362
Z1085,1366.67965,624.73918,17.66974,2653.64949
Z1086,873.89973,355.95863,20.22974,1844.08365
Z1087,1005.19993,438.32299,34.66625,2064.44665
Z1088,899.06828,369.70113,19.21848,1991.95684
Z1089,907.27118,379.98833,10.66306,1869.16136
Z1090,1025.41630,466.34949,42.39815,2128.83825
Z1091,942.83382,399.63161,20.36103,1992.20236
Z1092,988.72293,453.19677,32.69136,2034.39502
Z1093,912.03238,377.26674,2.98686,2001.39557
Z1094,927.37949,389.71797,26.79247,1969.06951
Z1095,933.98381,412.38835,22.82191,1884.80481
Z1096,928.95992,394.72676,36.54686,1910.46192
Z1097,1018.32581,450.79944,17.87231,2084.49235
Z1098,949.34236,401.04477,50.62027,2042.03622
Z1099,967.21522,437.72392,14.01059,1966.58721
Z1100,990.12521,433.45295,20.31939,2019.78651
Z1101,911.15142,390.68999,29.69712,1824.19981
Z1102,935.19469,396.07849,30.73394,1961.59754
Z1104,989.00281,452.32309,3.84797,1992.43692
Z1105,987.76553,451.54787,3.84797,1990.86487
Z1106,923.72159,384.75114,23.58058,2016.19003
Z1107,912.38338,377.50447,2.98686,2001.03205
Z1108,920.74460,387.91125,23.36568,1916.68006
Z1109,982.36520,439.88414,14.25461,2034.31527
Z1110,1037.89208,482.09878,68.84649,2080.57867
Z1111,1017.19190,446.55979,35.36938,2068.17435
Z1112,1053.23608,494.82787,28.05007,2156.15332
Z1113,890.31161,364.26768,40.82397,1953.43668
Z1114,982.13902,428.15134,20.31939,2000.79524
Z1115,970.88101,427.96208,21.00026,1997.40448
Z1116,895.42298,370.94833,16.71402,1858.62781
Z1117,895.79649,370.46743,16.71402,1873.27476
Z1118,973.32435,428.20913,21.00026,1999.41374
Z1119,1006.79506,464.59751,23.40268,2041.33073
Z1120,872.11982,355.82738,23.84545,1815.63431
Z1121,993.64496,430.37893,34.66625,2063.21026
Z1122,907.71811,389.31744,29.04445,1808.04375
Z1123,936.83742,395.56397,20.36103,1987.48540
Z1124,986.17689,435.37306,33.95136,2026.74472
Z1125,1000.82493,461.63528,42.46611,2052.65822
Z1126,916.56976,382.53157,1.96930,1952.09646
Z1127,947.07380,416.08869,11.34152,1942.99488
Z1128,943.85065,413.30720,11.34152,1933.32766
Z1129,886.42740,373.40791,44.14884,1706.20227
Z1130,916.31215,387.50884,11.28246,1865.61454
Z1131,1004.29547,441.40133,32.10546,2049.48833
Z1132,918.10677,387.25481,23.36568,1893.79251
Z1133,1005.23102,453.28059,32.07598,2084.56423
Z1134,1021.31875,474.35220,14.30616,2078.22972
Z1135,1044.51176,489.23276,21.60092,2133.04696
Z1136,1060.06663,497.81973,33.95639,2156.72899
Z1137,1000.76253,448.23212,32.07598,2070.13878
Z1138,897.64046,382.25843,47.95367,1762.23684
Z1139,1036.83152,484.27023,21.60092,2113.52551
Z1140,1065.26776,499.10930,4.09706,2148.15399
Z1141,1063.24847,498.06604,4.09706,2145.20960
Z1142,901.38143,371.79715,3.88178,1936.40837
Z1143,902.06564,372.28463,3.88178,1936.84759
Z1144,898.85008,370.02880,13.63118,1933.37801
Z1145,1300.65107,606.15182,23.65304,2581.07455
Z1146,1278.25231,599.15447,26.05170,2538.79295
Z1147,1264.90983,594.74555,30.24704,2528.61438
Z1148,1282.35234,599.90524,24.49181,2539.60445
Z1149,1309.83469,608.44224,23.65304,2595.39193
Z1150,1333.06679,616.23488,18.09418,2612.88631
Z1151,1199.37877,568.78905,30.41443,2416.27472
Z1152,1133.74217,541.12029,22.43897,2329.07895
Z1153,1146.31957,546.41268,21.17951,2356.24473
Z1154,1149.15947,548.53864,17.20284,2357.06945
Z1155,1089.74252,516.73578,42.03205,2255.72562
Z1156,1128.81352,537.52974,25.04590,2327.57012
Z1157,1152.89779,550.39166,17.61520,2358.20992
Z1158,1117.39198,532.34609,17.34169,2294.16198
Z1159,1141.98372,544.56623,19.11357,2332.85619
Z1160,1120.62777,534.30146,22.43897,2307.19082
Z1161,1162.04607,554.53891,21.28995,2376.72768
Z1162,1158.39048,549.95202,28.19933,2343.79498
Z1163,1147.86129,547.65623,17.20284,2356.84594
Z1164,1150.52384,549.31044,17.61520,2356.91891
Z1165,1107.17885,526.03895,37.81586,2289.77382
Z1166,1161.28037,552.55837,21.13082,2381.96606
Z1167,1154.38540,550.80933,15.79244,2356.55509
Z1168,1149.84193,547.03873,28.19933,2336.47764
Z1169,1124.39706,536.26428,11.93439,2309.63668
Z1170,1138.30629,542.31988,19.11357,2323.11159
Z1171,1220.23728,570.70559,16.77944,2473.44331
Z1172,1525.88132,652.21054,35.75237,2871.25166
Z1173,1452.67940,639.50263,13.87497,2783.60420
Z1174,1323.54946,605.03622,39.09194,2618.60910
Z1175,1185.33563,558.07217,17.33293,2421.06389
Z1176,1198.90661,525.75407,12.89071,2384.56748
Z1177,1128.94273,506.23621,35.48032,2292.28431
Z1178,1144.67660,520.82248,21.31889,2334.32063
Z1179,1178.41687,527.57654,59.90119,2375.48933
Z1180,1508.44224,647.91246,29.80398,2851.23360
Z1181,1483.99553,645.84227,27.08319,2821.35491
Z1182,1125.80734,534.33146,16.64025,2324.63232
Z1183,1145.19054,518.65358,21.31889,2330.85247
Z1184,1108.84963,508.10428,41.03160,2280.18547
Z1185,1261.42872,544.92189,22.39121,2477.04750
Z1186,1519.45594,643.06900,24.74448,2863.73897
Z1187,1513.31720,644.44406,26.40923,2857.00678
Z1188,1522.79363,641.23486,16.22698,2866.86071
Z1189,1143.49149,509.25018,35.48032,2308.51901
Z1190,1245.78278,541.43514,22.39121,2456.97874
Z1191,1220.09825,574.26697,18.45440,2473.57761
Z1192,1143.08036,543.88943,19.67974,2352.78551
Z1193,1122.61269,509.12642,37.25484,2294.00851
Z1194,1159.56327,550.89212,21.13082,2380.20497
Z1195,1521.56313,647.87639,29.80398,2866.95141
Z1196,1139.27488,520.95795,20.05598,2329.58476
Z1197,1231.71473,572.10390,18.80320,2488.88360
Z1198,1220.25734,568.90776,15.67265,2472.60305
Z1199,1228.45065,576.46572,18.45440,2485.99745
Z1200,1180.79611,557.36778,17.33293,2414.28422
Z1201,1145.55125,542.97926,17.36887,2358.08375
Z1202,1146.56330,544.69167,18.38429,2359.30902
Z1203,1391.99370,630.17988,19.90209,2683.13795
Z1204,1580.16078,663.92433,14.01766,2927.05197
Z1205,1518.23599,655.23326,17.55658,2845.45998
Z1206,1578.04642,663.47389,24.82852,2918.26515
Z1207,1535.78361,657.44868,18.09178,2864.38238
Z1208,1656.69205,669.91942,28.88235,3009.54956
Z1209,1545.63106,654.95688,49.59752,2861.26587
Z1210,1569.24318,662.78714,24.68025,2911.81048
Z1211,1640.80648,669.17479,23.37733,2994.41099
Z1212,1641.60173,667.73776,23.52044,3001.02400
Z1213,1539.03605,658.46831,37.45613,2880.67799
Z1214,1568.08852,662.54145,14.01766,2913.03438
Z1215,1531.96353,657.37049,17.55658,2862.47678
Z1216,1593.97154,662.46661,34.00248,2924.97154
Z1217,1578.46487,662.53966,16.70164,2913.52351
Z1218,1475.40104,647.14704,15.32452,2788.08762
Z1219,1642.24324,669.08140,23.07215,2998.21898
Z1220,1537.57166,658.59675,32.71841,2873.19342
Z1221,1621.70429,667.66715,21.71153,2975.25849
Z1222,1587.76755,660.26739,34.00248,2912.17819
Z1223,1590.16226,663.60355,33.26972,2942.60863
Z1224,1546.70650,658.23499,30.39995,2892.83016
Z1225,1538.51593,656.52047,35.12586,2861.95199
Z1226,1619.52208,666.96869,20.86961,2974.66327
Z1227,1620.03736,667.75342,21.71153,2971.35172
Z1228,1619.61882,666.24936,20.86961,2976.18761
Z1229,1487.08036,648.87775,14.33430,2800.94952
Z1230,1497.20409,650.16019,14.33430,2811.56667
Z1231,1752.43297,623.73846,31.79716,3129.50698
Z1232,1788.99901,626.23041,32.56639,3171.64190
Z1233,1719.77734,620.98441,32.05078,3087.96023
Z1234,1810.01004,627.45941,32.85558,3195.25736
Z1235,1772.60165,625.15643,32.56639,3152.80570
Z1236,1420.55303,627.51250,10.44178,2743.92587
Z1237,1407.42591,617.29358,20.49451,2723.84562
Z1238,1427.94986,612.98328,20.67670,2743.11848
Z1239,1423.79516,620.50487,20.49451,2744.32517
Z1240,1461.54508,626.04789,47.05358,2790.06101
Z1241,1415.10920,609.12687,20.67670,2725.78901
Z1242,1465.00046,620.48617,47.45206,2789.68903
Z1243,1487.98586,648.91075,40.49510,2823.96434
Z1244,1379.72207,634.82663,26.57352,2945.71775
Z1245,1488.45327,642.72460,29.03652,3068.66890
Z1246,1398.66358,635.20272,44.82393,2965.97372
Z1247,1434.94996,643.45974,41.87065,3013.17769
Z1248,1376.96949,636.49470,23.50385,2944.34563
Z1249,1422.11203,625.55177,19.48812,2976.74876
Z1250,1318.34627,608.75645,22.98113,2851.10427
Z1251,1150.97136,546.86170,21.87917,2612.37549
Z1252,1328.43389,613.50742,22.07856,2867.45740
Z1253,1322.08772,623.77121,27.51236,2873.59320
Z1254,1142.23505,538.93891,31.98103,2592.28833
Z1256,1237.84014,550.71860,54.66549,2672.24544
Z1257,1338.20234,610.98251,26.22894,2873.04143
Z1258,1197.08211,517.85872,20.08473,2508.62229
Z1259,1323.15767,596.94150,21.22378,2836.51193
Z1260,1316.49985,592.74559,21.22378,2823.31615
Z1261,1229.22506,531.01469,23.75351,2583.93445
Z1262,1301.30230,590.69689,24.22979,2806.65905
Z1263,1203.51162,520.64971,20.08473,2525.43946
Z1264,1289.39122,604.32846,24.76775,2817.76580
Z1265,1242.66618,561.94641,43.01066,2703.97981
Z1266,1272.04361,569.13979,16.77805,2740.30693
Z1267,1399.45591,639.12063,26.57352,2970.98038
Z1268,1372.69188,597.13405,32.80157,2881.13865
Z1269,1411.60553,618.90215,24.52255,2956.05527
Z1270,1189.99408,559.49388,19.90402,2663.04431
Z1271,1456.89012,632.16451,37.07367,3021.64529
Z1272,1252.64977,580.00242,20.34307,2747.70926
Z1273,1378.78948,602.49242,32.80157,2896.76362
Z1274,1206.27592,544.35549,25.54199,2639.51031
Z1275,1395.24817,640.29678,19.15600,2967.47710
Z1276,1218.27729,550.72027,25.54199,2662.21975
Z1277,1207.42123,555.71988,25.25544,2667.49897
Z1278,1469.99685,647.83491,33.73719,3055.04331
Z1279,1331.53850,602.65509,8.10741,2853.66281
Z1280,1326.61624,605.69275,23.43656,2854.10134
Z1281,1272.40463,567.10546,16.77805,2735.74834
Z1282,1310.69841,596.59946,22.24200,2824.97517
Z1283,1317.71651,600.97933,21.86360,2838.46732
Z1284,1472.88010,637.21255,37.07367,3045.17694
Z1285,1156.26736,554.08575,53.64564,2626.68088
Z1286,1362.85400,628.12231,26.39700,2920.73402
Z1287,1383.77687,611.69773,18.26900,2917.36853
Z1288,1430.81074,645.79524,33.48334,3010.86843
Z1289,1361.81407,604.90308,35.83642,2885.27632
Z1290,1501.57594,641.48791,29.03652,3080.79958
Z1291,1342.09144,597.37200,34.37642,2854.12831
Z1292,1128.74286,525.96061,24.30926,2557.74811
Z1293,1303.21092,575.41221,26.85933,2777.32832
Z1294,1320.68415,577.49475,24.62236,2795.41033
Z1295,1222.01044,571.12930,48.82585,2707.93517
Z1296,1136.23332,531.97228,14.87854,2574.69043
Z1297,1352.89097,629.91192,27.91474,2912.38226
Z1298,1126.25753,527.55541,15.63540,2560.07972
Z1299,1034.51133,470.92473,28.21095,2390.14993
Z1300,1037.00615,470.17357,29.69966,2389.08143
Z1301,1061.26580,490.99537,34.33554,2448.52114
Z1303,1046.89902,478.40787,29.69966,2413.20079
Z1304,1047.03449,482.28265,33.08462,2421.61338
Z1305,1045.95044,479.76620,28.21095,2415.92402
Z1306,1489.23865,652.57915,20.61191,3062.77040
Z1307,1485.73645,654.25974,20.88079,3063.73006
Z1308,1397.15087,638.70912,38.69081,2954.81936
Z1309,1450.76456,648.60130,20.60364,3020.47499
Z1310,1441.82505,649.28812,25.44231,3014.97568
Z1311,1504.30931,653.50520,20.94892,3078.47953
Z1312,1500.77435,655.38695,20.88079,3079.73035
Z1313,1519.27965,656.56908,24.38884,3099.43002
Z1314,1474.08563,651.31602,20.61191,3046.55630
Z1315,1424.00692,648.82576,13.69701,3001.33987
Z1316,1419.47067,641.21985,38.55780,2978.02486
Z1317,1449.17726,645.35339,36.95773,3011.72213
Z1318,1405.09141,644.76599,22.23719,2981.05450
Z1319,1285.29282,537.72126,18.68407,2455.77675
Z1320,1335.94379,549.34607,44.04950,2528.60526
Z1321,1302.11491,541.50297,21.49076,2472.45626
Z1322,1271.17007,535.19613,18.06842,2436.16635
Z1324,1241.56512,570.14580,81.30823,2446.81520
Z1325,1282.35185,578.36274,28.47599,2438.33289
Z1326,1484.10425,646.71293,16.45165,3044.85656
Z1327,1291.65884,540.46286,23.54807,2611.99750
Z1328,1439.43168,640.95646,36.95773,2993.66231
Z1329,1319.36432,546.57660,45.65908,2657.13370
Z1330,1390.18932,632.88891,35.15403,2936.20117
Z1331,1496.81276,647.65900,16.45165,3058.28921
Z1332,1471.91180,641.25721,47.08861,3021.48473
Z1333,1191.24774,515.15981,21.93163,2491.17172
Z1334,1421.91130,634.87592,41.54810,2965.38857
Z1335,1307.78029,542.50989,27.99805,2617.79757
Z1336,1470.48102,655.67936,30.72947,3059.43234
Z1337,1502.27770,658.95276,28.84757,3091.01701
Z1338,1560.87009,664.08951,33.58113,3163.32940
Z1339,1543.84870,663.17125,20.31244,3140.99946
Z1340,1565.79881,662.39022,31.21338,3157.99572
Z1341,1483.93840,656.38527,32.80415,3075.93552
Z1342,1491.74812,658.39375,25.48552,3083.87453
Z1343,1434.97410,649.18365,31.24227,3017.56415
Z1344,1538.42579,662.48706,20.31244,3133.32858
Z1345,1508.52583,659.31150,18.96589,3104.45915
Z1346,1447.06814,652.16749,28.42964,3031.95783
Z1347,1457.29229,652.87157,28.42964,3044.44204
Z1348,1536.78960,662.00174,35.94121,3136.70384
Z1349,1508.57169,660.24104,26.76348,3102.66129
Z1350,971.84361,412.34304,78.09470,2120.00912
Z1351,1320.13020,544.48807,18.18941,2494.83579
Z1352,1303.71922,540.47006,40.72869,2497.02056
Z1353,995.91152,457.57684,16.05835,2061.91636
Z1354,1006.82888,464.97140,25.83360,2087.56072
Z1355,1602.21836,666.13127,19.30068,2947.94730
Z1356,1641.53452,668.53401,23.11468,2999.36918
Z1357,1626.36848,665.68415,24.88305,2985.10711
Z1358,1602.64400,665.30423,19.26722,2943.10035
Z1359,1625.75740,667.32738,27.64132,2970.22115
Z1360,1600.63695,666.07472,15.10011,2949.88379
Z1361,1656.55426,667.70636,26.24552,3018.80869
Z1362,1600.97565,666.15491,15.10011,2948.71957
Z1363,1010.44211,446.19098,49.27519,2313.95616
Z1364,1175.70786,508.37092,29.24426,2447.60076
Z1365,1253.47694,528.89285,41.96256,2460.05135
Z1366,1139.71664,496.04470,15.03233,2413.43447
Z1367,1171.10527,508.94351,28.11468,2471.27702
Z1368,1258.92377,530.40333,39.51107,2515.87546
Z1369,1288.09014,536.51694,42.96947,2509.59218
Z1370,1200.20050,515.87145,26.47392,2471.93998
Z1371,1185.33384,510.76140,26.47392,2445.46605
Z1372,1220.74096,521.42132,10.43395,2488.66206
Z1373,1166.66578,506.09552,29.24426,2448.78967
Z1374,1233.74763,524.29825,37.39963,2419.06613
Z1375,1271.98953,533.02342,40.16394,2511.67874
Z1376,1144.79369,495.84434,41.94790,2379.60307
Z1377,1024.20563,459.43354,38.15383,2356.69081
Z1378,1144.15515,497.05194,22.96712,2408.25675
Z1379,1231.78055,523.82681,29.93730,2488.62716
Z1380,1135.60934,494.86374,15.03233,2414.46877
Z1381,1303.78978,588.24067,60.68972,2725.62305
Z1382,1286.77947,582.76839,51.62130,2683.34157
Z1383,1221.69117,521.94711,42.47655,2381.76672
Z1384,957.73999,427.46505,20.77128,2152.02415
Z1385,1091.16374,517.49223,14.06276,2347.34594
Z1386,1083.60361,513.70922,14.06276,2335.95325
Z1387,1292.86520,587.51021,22.36816,2581.32332
Z1388,1079.15527,511.70888,17.01849,2323.44484
Z1389,1026.83106,475.60735,77.48536,2339.16861
Z1390,1123.59342,529.85258,43.67708,2454.31230
Z1391,1295.84380,593.18964,31.21933,2761.67754
Z1392,1268.51648,586.37561,35.44547,2729.13219
Z1393,1310.54931,565.16498,52.36777,2755.13718
Z1394,888.53523,367.80350,19.46614,1941.35348
Z1395,888.53192,366.49221,28.66911,1953.35637
Z1396,891.80970,370.35956,19.46614,1960.81218
Z1397,900.07094,376.89050,21.13006,2002.23685
Z1398,943.24632,405.21541,29.59102,2169.35364
Z1399,1118.31652,528.92178,21.86420,2380.26898
Z1400,1069.15889,505.36098,27.96953,2304.39487
Z1401,1135.21859,536.22626,23.55520,2402.25596
Z1402,1117.14682,528.23886,21.86420,2389.97577
Z1403,1258.91863,572.51865,35.72463,2520.77488
Z1404,1320.15478,543.08207,53.26276,2602.26919
Z1405,1296.19109,538.18775,26.69143,2552.96799
Z1406,1314.65683,541.50431,26.69143,2568.25761
Z1407,1321.77216,542.95629,45.84959,2541.71497
Z1408,1307.34691,547.71436,31.77226,2671.51569
Z1409,1291.03922,543.33747,21.86161,2641.82127
Z1410,1301.22403,549.11794,24.91708,2682.13081
Z1411,1270.03650,540.63396,18.00126,2630.18120
Z1412,1261.22633,539.32881,18.00126,2624.86200
Z1413,1289.30691,545.57108,24.91708,2659.64105
Z1414,1347.86924,576.90320,69.02267,2634.60787
Z1415,1174.65114,540.85260,14.66393,2247.50399
Z1416,1137.90965,522.21340,19.93276,2212.13441
Z1417,1266.18625,582.61318,62.77971,2627.94555
Z1418,1314.83547,599.33937,28.15074,2730.05728
Z1419,1414.02473,616.62299,28.56595,2847.05530
Z1420,1311.56611,590.40233,28.55704,2661.60320
Z1421,1304.72418,597.33830,28.15074,2720.37928
Z1422,1337.34516,603.15750,28.65549,2750.71580
Z1423,1428.66954,617.91488,28.56595,2860.61621
Z1424,1400.66294,615.32125,28.92417,2834.85881
Z1425,1375.18571,612.22717,28.52715,2810.73602
Z1426,1387.77396,613.86642,28.97730,2822.82914
Z1427,1350.44901,605.14412,28.65549,2762.93609
Z1428,1364.63577,610.73675,28.52715,2800.79163
Z1429,1364.59356,607.08190,28.41747,2775.99238
Z1430,1324.42774,600.97598,28.75280,2738.35002
Z1431,1183.15259,559.02186,44.54442,2536.42776
Z1432,1380.98502,609.24482,28.41747,2792.04861
Z1433,1299.68915,593.57040,40.16755,2693.19824
Z1434,1330.97182,599.01189,25.61622,2722.20453
Z1435,1290.21444,585.65719,28.55704,2633.57360
Z1436,1312.68991,593.90156,29.75142,2689.56192
Z1437,1269.98082,586.30211,41.68997,2656.02824
Z1438,1299.99119,592.49976,40.16755,2684.65806
Z1439,1282.34957,594.16105,66.67149,2512.23229
Z1440,1283.22771,590.31166,63.99513,2494.07460
Z1441,1381.60513,625.39343,49.50063,2659.69740
Z1442,1533.75031,646.42582,14.66242,2823.24879
Z1443,1438.66667,640.18215,45.56632,2742.52172
Z1444,1490.57562,651.00315,51.65130,2822.54008
Z1445,1259.85828,592.78267,26.05170,2513.21720
Z1446,1297.35630,605.56555,27.66175,2566.54076
Z1447,1191.11229,573.66305,34.10958,2683.02268
Z1448,1289.61787,614.17964,25.61141,2829.71246
Z1449,1278.76773,611.21595,25.61141,2815.02796
Z1450,1224.20776,537.70035,17.37719,2445.12066
Z1451,1232.31122,540.47031,17.37719,2454.14505
Z1452,1193.42441,527.89260,58.52260,2432.59522
Z1453,1025.28072,456.34041,6.39144,2104.39927
Z1454,1483.77580,649.43255,33.34767,3050.77337
Z1455,1241.24803,544.58884,44.73571,2653.47611
Z1456,1075.52071,496.27047,58.32086,2466.99264
Z1457,1272.37867,557.39903,52.36777,2709.52294
Z1458,1356.77144,611.31977,35.16839,2891.08865
Z1459,1211.52061,583.58680,25.78017,2716.02035
Z1460,1498.11329,651.04150,33.73719,3088.40242
Z1461,1208.57682,577.29448,21.25037,2706.30870
Z1462,1257.19939,603.89842,18.68723,2784.01639
Z1463,1303.53839,616.69117,26.99096,2838.25539
Z1464,1364.37364,617.43051,19.12215,2907.72639
Z1465,1311.82807,622.74957,14.54183,2858.87806
Z1466,1262.55532,604.98766,28.63144,2787.74043
Z1467,1439.49835,633.59762,38.14117,3005.89757
Z1468,1265.41504,606.90697,19.95932,2796.13254
Z1469,1242.82006,597.96632,15.90469,2763.16428
Z1470,1190.82164,572.66565,24.18651,2683.20017
Z1471,1261.92289,605.72989,18.68723,2790.23241
Z1472,1298.81034,618.36270,31.16778,2842.93778
Z1473,1336.95515,617.54656,22.07856,2881.29137
Z1474,1464.58613,642.98473,40.56613,3043.97053
Z1475,1304.45269,612.88252,22.45802,2843.48911
Z1476,1199.81857,575.21474,18.75403,2695.33157
Z1477,1279.63960,612.21854,22.12334,2816.17487
Z1478,1237.05049,595.55835,15.90469,2754.25902
Z1479,1225.48624,589.02283,14.82356,2736.75895
Z1480,1286.11719,614.55509,21.29796,2824.32942
Z1481,1306.48888,621.21617,15.30619,2852.30855
Z1482,1216.85454,585.73131,21.78975,2720.70147
Z1483,1307.63776,617.13060,21.86054,2851.73989
Z1484,1230.97300,592.72986,18.10135,2744.06118
Z1485,1324.56749,619.92262,32.24331,2872.12822
Z1486,1256.61777,597.46072,21.46123,2777.70498
Z1487,1259.39914,601.69071,23.28469,2785.42465
Z1488,1280.51208,611.19404,22.74092,2811.96115
Z1489,1284.70485,613.70625,27.26938,2820.82411
Z1490,1296.23099,617.94964,21.29796,2838.92323
Z1491,1267.66207,605.46270,27.34808,2791.21515
Z1492,1242.64780,593.50227,24.74892,2759.27800
Z1493,1295.27450,615.86766,22.74092,2831.43168
Z1494,1323.11621,615.55989,23.24203,2865.15092
Z1495,1181.84241,567.19646,19.39784,2668.03429
Z1496,1197.75250,575.37402,21.90359,2693.42497
Z1497,1268.61723,600.75052,21.46123,2793.38055
Z1498,1251.97139,601.40910,23.58655,2776.76289
Z1499,1476.20465,650.76160,34.71755,3064.46205
Z1500,1274.52048,605.81262,14.74469,2805.35745
Z1501,1229.20396,588.86813,24.74892,2740.51000
Z1502,1209.85884,581.74492,15.58079,2712.79855
Z1503,1243.21587,597.65438,26.72461,2760.98523
Z1504,1188.52033,569.91153,16.13318,2677.87657
Z1505,1245.87586,597.19780,24.74754,2766.63326
Z1506,1349.59663,617.11679,29.81566,2892.96406
Z1507,1286.33712,611.79791,25.57928,2816.50391
Z1508,1241.32801,595.75299,34.70421,2755.07784
Z1509,1184.58400,566.05230,18.29092,2669.20971
Z1510,1326.74761,623.64265,27.51236,2878.49100
Z1511,1237.98307,595.20279,25.96401,2756.02764
Z1512,1297.65710,615.15844,21.86054,2839.30585
Z1513,1616.76687,661.99510,56.46083,3226.17658
Z1514,1282.62730,607.13194,22.22737,2814.95484
Z1515,1181.70097,565.71332,16.13318,2666.10828
Z1516,1348.33792,622.94027,29.71766,2899.66189
Z1517,1394.54807,629.31251,53.07311,2954.42216
Z1518,1313.13177,610.85766,22.08529,2849.16022
Z1519,1122.24407,494.36530,25.07395,2446.58110
Z1520,1466.48481,652.63575,17.23591,3043.37910
Z1521,1587.61922,664.36349,56.75017,3194.55863
Z1522,911.45430,389.41703,51.94505,1946.22039
Z1523,930.66285,405.31909,51.99921,2056.63772
Z1524,901.92363,385.54217,41.66157,1933.30187
Z1525,909.67910,388.76664,74.99843,1960.35317
Z1526,948.33713,419.02775,16.79935,2145.11109
Z1527,1127.73920,527.43568,14.86690,2325.13420
Z1528,1118.61641,524.61036,20.14362,2310.94946
Z1529,1121.68086,528.44865,24.85090,2317.55085
Z1530,1139.15066,531.24564,13.93361,2342.74202
Z1531,1108.12179,518.50097,20.14362,2292.17500
Z1532,1090.97378,508.64407,21.13232,2261.02975
Z1533,1091.28127,510.57736,21.13232,2262.96112
Z1534,1087.32206,512.55399,9.47403,2256.74822
Z1535,1145.76153,536.07605,15.19194,2355.25439
Z1536,1083.24843,509.45631,15.05393,2249.38732
Z1537,1083.29343,508.05339,22.48131,2249.29694
Z1538,1111.97086,527.60192,41.64487,2388.31054
Z1539,1133.44722,535.09097,19.93692,2431.86453
Z1540,1206.05575,562.50835,52.54266,2510.79055
Z1541,1240.64068,572.86422,52.54266,2563.33321
Z1542,1218.87371,567.99575,48.17034,2550.14481
Z1543,1300.00186,605.44490,14.66880,2562.67070
Z1544,1298.51501,604.09898,22.39334,2556.14545
Z1545,1298.61863,605.45264,14.66880,2563.54161
Z1546,1217.59729,542.26855,52.46123,2436.91560
Z1547,894.50911,373.82329,21.81927,1955.62306
Z1548,1237.57680,592.17841,43.16593,2744.27692
Z1549,1322.50732,625.91143,14.54183,2873.34059
Z1550,1332.04120,625.82893,25.90921,2878.01315
Z1551,1348.92562,631.31498,30.88012,2902.55826
Z1552,889.17176,368.83001,15.63959,1804.74597
Z1553,890.12353,370.25354,15.63959,1792.60745
Z1554,1264.21799,586.52991,29.86427,2678.13298
Z1555,1317.39350,617.25830,32.20856,2848.47504
Z1556,1363.89522,627.88351,32.22513,2905.15446
Z1557,1340.34977,622.80584,32.20856,2876.76080
Z1558,1523.19320,655.35582,21.96908,3100.18955
Z1559,1509.32047,646.32891,32.05767,3095.13102
Z1560,1006.80735,445.68535,29.98876,2065.44328
Z1561,1219.23719,544.42663,51.30117,2458.21745
Z1562,1232.94810,554.46141,40.63205,2454.90542
Z1563,1111.45735,502.75016,42.84312,2304.10960
Z1564,1096.07468,498.58342,50.54350,2275.70396
Z1565,1126.40947,509.95939,46.97539,2326.11235
Z1566,1056.24662,497.70324,37.04293,2319.71722
Z1567,1067.04398,503.74351,37.04293,2346.27408
Z1568,1039.25755,486.54973,28.54985,2131.48074
Z1569,1111.52245,528.63192,21.33315,2545.12415
Z1570,1117.15771,531.99974,21.33315,2556.62773
Z1571,1150.96629,551.49509,11.35034,2612.80863
Z1572,1129.91608,539.44806,31.70299,2575.68268
Z1573,1148.37555,549.89499,11.35034,2607.37897
Z1574,1406.10195,643.94417,23.90730,2982.07037
Z1575,1341.90095,604.84359,33.65480,2770.75707
Z1576,1444.97666,588.98280,5.46547,2737.88652
Z1577,1142.28504,511.81733,20.59527,2319.24566
Z1578,1492.84276,595.49909,40.29469,2809.03103
Z1579,1427.03672,584.46767,28.09411,2725.62257
Z1580,1220.68883,547.87671,15.60178,2357.22361
Z1581,1424.49675,583.48910,28.09411,2726.12923
Z1582,1098.39551,501.54247,27.66830,2193.04451
Z1583,1071.15459,489.88395,5.46752,2142.45824
Z1584,1091.15980,497.41813,27.66830,2190.27628
Z1585,1147.50268,525.36589,19.93276,2231.49401
Z1586,1103.93506,497.33003,58.46518,2257.02958
Z1587,1018.46143,460.60563,18.91306,2128.33677
Z1588,1081.16962,488.23165,6.80394,2248.41735
Z1589,971.31854,440.70835,14.01059,1979.54827
Z1590,989.66051,451.93871,35.34737,1978.02083
Z1591,947.37104,421.66305,15.02820,1933.75713
Z1592,1000.44188,461.32364,16.94918,2066.33151
Z1593,1002.38273,462.78573,16.94918,2067.08634
Z1594,975.45787,440.91898,8.82203,2018.07669
Z1595,980.54427,446.44858,16.85199,2025.26651
Z1596,988.61982,452.14050,17.04504,2046.10092
Z1597,1352.40074,575.65777,23.41899,2647.57267
Z1598,1334.57964,571.66991,23.41899,2624.23147
Z1599,1118.58023,504.14742,19.09481,2316.23885
Z1600,1063.46804,482.60107,25.46467,2221.07499
Z1601,1418.84465,587.31443,29.00993,2735.76326
Z1602,1440.08874,590.69553,26.02288,2762.84129
Z1603,1275.01432,554.50956,58.80337,2547.82500
Z1604,1080.82370,489.29000,21.23367,2251.56627
Z1605,1086.80913,499.53564,63.22078,2245.45230
Z1606,1206.81070,542.83084,51.30117,2433.47788
Z1607,1119.57356,501.63479,49.69072,2305.24137
Z1608,989.34755,430.39867,31.33327,2031.86296
Z1609,979.36355,433.20893,21.38604,2017.17219
Z1610,977.30157,436.81309,14.25461,2022.47944
Z1611,1033.32440,452.29989,46.22054,2110.35730
Z1612,1060.04417,464.75021,52.03142,2150.31345
Z1613,1083.05461,471.42974,55.27376,2227.09113
Z1614,1155.26718,516.42777,20.59527,2339.35945
Z1615,1069.87962,504.65035,29.13011,2190.74530
Z1616,1091.61471,510.25963,17.71175,2165.32121
Z1617,1102.17501,513.23666,16.16733,2160.28819
Z1618,1082.82944,505.47242,19.53216,2146.11503
Z1619,1110.42737,516.24180,15.68249,2165.48472
Z1620,1018.53358,473.53872,25.68177,2105.96818
Z1621,1556.08867,608.26926,32.08981,2899.86031
Z1622,1249.25048,560.62417,42.42273,2469.00907
Z1623,1399.69461,589.79943,40.10627,2686.86169
Z1624,1396.79883,591.04600,37.83242,2668.96046
Z1625,1401.36936,590.97766,38.76209,2681.96277
Z1626,1395.07982,587.93197,43.65393,2687.77668
Z1627,1478.86640,593.88077,97.27455,2813.33069
Z1628,1822.91806,627.93530,39.90583,3209.40336
Z1629,1518.09266,598.76255,27.00109,2846.08832
Z1630,1559.12792,605.41570,42.28520,2868.71541
Z1631,1688.12119,618.11430,33.38498,3047.92250
Z1632,1703.55142,619.56116,33.38498,3067.65974
Z1634,1029.02121,458.12734,6.25526,2111.10857
Z1635,1026.43563,456.48608,5.23002,2105.11166
Z1636,1024.30133,455.10642,5.23002,2100.10066
Z1637,964.58214,421.65518,13.64376,1975.08326
Z1638,1049.26011,466.86780,19.12475,2144.81908
Z1639,1043.44693,466.97254,22.72423,2143.26993
Z1640,891.17762,373.65675,48.86880,1746.51785
Z1641,945.24647,404.53655,48.35727,1950.17601
Z1642,951.34279,401.43303,45.58125,2135.96078
Z1643,965.21666,411.02132,45.28551,2180.82830
Z1644,955.95666,406.68854,45.28551,2172.10599
Z1645,910.35806,388.26984,43.42159,1966.99788
Z1646,932.08665,414.24068,29.67159,1906.52961
Z1647,930.52292,388.97058,14.90058,2028.50029
Z1648,1118.75510,516.68826,41.03160,2302.81417
Z1649,1250.34116,554.27714,34.62284,2487.64917
Z1650,1156.79901,507.77297,5.56840,2308.66166
Z1651,1057.14772,478.25620,22.85773,2204.36563
Z1652,1070.69226,483.98856,19.12782,2229.44099
Z1653,907.70361,395.71129,12.09187,1753.94123
Z1654,903.59690,393.17460,19.21690,1756.31965
Z1655,1485.17923,642.09583,59.52855,2774.90221
Z1656,933.93726,416.07923,18.22794,1924.06388
Z1657,1423.98688,622.44314,33.08805,2888.91096
Z1658,1383.42454,615.50305,33.03963,2833.83737
Z1659,1365.05005,612.15020,33.11254,2813.55402
Z1660,1414.74148,621.29068,32.79314,2876.73727
Z1661,1432.17901,623.78858,32.96112,2895.82560
Z1662,1536.92806,635.77503,33.63600,3022.05609
Z1663,1407.52368,619.83135,32.96112,2864.78863
Z1664,1398.32175,618.20029,33.06832,2857.13293
Z1665,1458.07119,627.45207,33.81267,2927.80737
Z1666,1426.11120,620.97416,32.65857,2876.93077
Z1667,1476.60676,629.49179,33.98714,2952.34151
Z1668,1519.82640,634.28373,33.57779,3003.30471
Z1669,1389.61449,616.92794,33.11254,2845.09366
Z1670,1509.51407,633.33914,31.48686,2989.82394
Z1671,1373.10810,613.49171,33.06832,2825.31594
Z1672,1492.52012,631.66358,32.18612,2971.20055
Z1673,1439.88657,625.14787,32.79314,2907.82500
Z1674,1504.50137,632.43024,33.98714,2985.17518
Z1675,1467.16746,628.78428,32.18612,2940.91288
Z1676,1455.89644,627.13375,34.09536,2927.73149
Z1677,1459.39637,623.59123,34.29648,2907.89583
Z1678,1348.30200,608.31620,33.20068,2793.37916
Z1679,946.34184,418.77446,12.85870,2064.03746
Z1680,1046.19428,487.75501,64.45856,2402.75891
Z1681,1036.05302,479.80417,46.81362,2398.38428
Z1682,1321.69991,602.27216,43.59631,2758.05129
Z1683,1316.62510,572.69983,0.55083,2495.16811
Z1684,1317.01787,572.80010,0.55083,2495.60841
Z1685,1048.10706,489.11428,30.08439,2326.61257
Z1686,1585.77345,663.73545,16.70164,2923.92764
Z1687,1124.91730,531.96017,27.63310,2323.56276
Z1688,1359.71596,630.90506,48.70901,2909.03824
Z1689,1010.61452,466.00662,46.27040,2246.79286
Z1690,1062.33214,497.47041,30.08439,2354.37213
Z1691,1156.22560,547.88802,17.36887,2375.44828
Z1692,992.81670,446.84531,29.95065,2304.72873
Z1693,1126.11434,537.03705,11.93439,2310.51155
Z1694,1130.35865,538.96344,25.04590,2327.97487
Z1695,1013.33115,465.84987,56.08708,2011.90558
Z1696,892.45486,387.45554,16.06277,1770.63030
Z1697,1368.01846,625.93689,19.32905,2664.15323
Z1698,1352.85612,622.02382,19.44753,2645.13814
Z1699,1329.40433,615.48946,31.28854,2613.86015
Z1700,1363.35738,624.69322,19.32905,2660.49074
Z1701,974.20908,450.27757,26.56256,2000.95337
Z1702,963.68110,443.04370,26.44002,1983.50192
Z1703,1147.10588,538.37955,70.35915,2282.60670
Z1704,1117.31377,528.60474,34.98345,2449.39794
Z1706,890.93670,365.31364,12.21121,1967.38659
Z1707,913.54056,380.52111,5.95093,2061.98125
Z1708,907.99311,376.90988,22.84926,2042.75976
Z1709,915.06434,381.50802,5.95093,2067.05154
Z1710,920.10633,384.76739,18.74606,2083.38074
Z1711,893.08411,366.85377,12.21121,1979.11430
Z1712,896.79958,370.07731,31.70311,2000.21548
Z1713,924.92062,391.49709,59.75315,2111.66790
Z1714,901.04325,394.41515,16.46858,1809.75106
Z1716,1042.24438,489.03190,37.24290,2285.86858
Z1717,1406.39987,613.87706,27.91913,2790.04194
Z1718,1446.55415,617.60569,25.84103,2820.89714
Z1719,1380.47480,611.22994,30.17441,2777.00302
Z1720,1425.41157,617.04993,27.91913,2816.66661
Z1721,1404.51927,615.32629,30.17441,2806.89092
Z1722,1302.22308,588.76556,35.42904,2578.78441
Z1723,1550.17295,636.04284,32.07359,3032.78091
Z1724,1240.05335,576.62698,39.40777,2627.51129
Z1725,1284.29488,538.10353,18.06842,2452.65975
Z1726,1132.43868,537.49841,34.58226,2466.63812
Z1727,1368.35847,599.73575,24.57468,2622.31242
Z1728,1100.38685,511.42516,26.86798,2238.83496
Z1729,1021.37676,481.58401,28.05445,2169.36044
Z1730,1041.91729,493.23038,27.98141,2217.21389
Z1731,1015.33996,477.92633,28.05445,2170.15542
Z1732,1030.62703,486.74492,34.20230,2171.25046
Z1733,1047.53705,496.15493,29.45709,2213.73723
Z1734,1089.80330,517.25015,33.72759,2297.23458
Z1735,1096.42541,519.94839,32.22555,2292.86758
Z1736,1053.82520,499.17724,29.45709,2210.69425
Z1737,952.83701,415.32173,29.57875,2200.05137
Z1738,952.58830,423.76939,28.00696,2113.42244
Z1739,1268.45524,577.01703,48.32989,2565.52416
Z1740,1334.84701,596.85613,22.38939,2705.02865
Z1741,991.59397,452.73645,55.34613,2204.34499
Z1742,976.20517,441.57951,55.34613,2167.82185
Z1743,1500.52916,601.03365,8.56538,2761.27056
Z1744,985.18454,450.59606,13.74411,2051.39411
Z1745,1443.52319,594.35945,22.95779,2680.08095
Z1746,1388.69303,585.26132,35.76463,2610.32690
Z1747,1084.23494,492.39968,31.61572,2196.02782
Z1748,1610.94340,614.19392,20.99071,2961.05497
Z1749,1453.26536,601.15701,16.69127,2640.12299
Z1750,1425.23630,600.47812,27.94651,2568.99617
Z1751,1435.58863,601.35517,27.94651,2589.13805
Z1752,1451.63761,605.30122,42.37362,2590.42787
Z1753,944.84441,421.21396,30.38492,1900.26153
Z1754,1135.93142,528.81003,22.04525,2220.85520
Z1755,1147.23686,543.83934,5.44572,2319.30016
Z1756,1075.84838,507.29715,29.13011,2193.60196
Z1757,925.04054,404.66993,15.46340,1863.26227
Z1758,927.66421,407.17382,15.46340,1868.46805
Z1759,1017.34477,470.38298,22.18389,2115.71290
Z1760,1014.91173,467.74524,7.24335,2111.62103
Z1761,944.46415,427.90861,35.96358,1940.92894
Z1762,921.33833,411.03734,13.91266,1895.92041
Z1763,1161.87983,554.36446,15.79244,2370.20906
Z1764,1175.68892,560.15760,11.70713,2389.04262
Z1765,1137.18363,531.70260,13.93361,2340.74780
Z1766,1237.72356,576.76902,18.11349,2498.94092
Z1767,1135.49143,539.37871,16.64025,2340.92604
Z1768,1228.34775,572.61946,15.67265,2484.92121
Z1769,1143.10865,524.63710,20.05598,2338.97332
Z1770,1196.64554,526.20896,12.89071,2384.62973
Z1771,1241.58103,542.90719,26.79486,2457.58637
Z1772,1413.56931,623.80262,7.39899,2734.40212
Z1773,1416.50308,627.41896,10.44178,2739.02016
Z1774,1509.18949,639.33775,4.88092,2850.72282
Z1775,1508.77039,638.81279,4.88092,2850.02195
Z1776,913.44199,385.27409,11.28246,1864.37825
Z1777,923.99905,388.74788,26.79247,1943.53718
Z1778,908.46527,380.34425,10.66306,1879.77020
Z1779,916.03116,382.21135,1.96930,1950.43319
Z1780,899.37800,369.53186,17.38599,1980.17734
Z1781,1307.34546,576.13851,53.40290,2431.34698
Z1782,1431.61345,600.27859,38.25657,2653.57972
Z1783,1429.97920,600.67574,38.25657,2639.87049
Z1784,1304.69212,578.39230,13.70416,2509.59605
Z1785,1384.63108,596.48781,19.77939,2555.95871
Z1786,1325.54364,586.66775,39.62221,2477.01275
Z1787,1230.24878,561.15687,32.87721,2387.10813
Z1788,1188.98936,547.78779,30.96277,2339.17221
Z1789,1208.62195,554.36039,31.39990,2362.24262
Z1790,981.81118,448.45082,13.74411,2045.85533
Z1791,1438.71363,626.38094,16.28840,2954.12373
Z1792,1435.93464,624.67740,16.28840,2946.56203
Z1793,1291.31463,597.96632,28.91129,2780.97017
Z1794,987.74156,444.43436,11.71091,2291.67700
Z1795,985.32986,443.62525,13.59039,2283.66908
Z1796,984.58234,444.79620,33.81180,2270.95964
Z1797,1008.67102,459.38574,15.75357,2341.34354
Z1800,1183.18895,553.83855,19.65098,2522.99060
Z1801,1068.73593,505.51603,27.00738,2331.62419
Z1802,1057.28665,498.82008,29.52429,2305.04864
Z1804,1048.52216,493.45882,5.20503,2275.44656
Z1805,1046.59210,492.27141,5.20503,2272.99538
Z1806,942.55041,415.60872,12.85870,2051.48926
Z1807,952.31439,422.58177,15.34334,2150.71959
Z1808,956.95377,426.50669,15.34334,2159.24878
Z1809,977.64266,442.72577,38.70605,2167.65798
Z1810,884.60628,372.70595,42.43460,1846.56909
Z1811,891.53134,373.76802,41.62307,1878.99626
Z1812,903.47811,381.52892,20.19775,1992.42968
Z1813,871.30621,359.04967,17.44923,1742.50587
Z1814,873.22933,359.82464,21.39438,1750.77927
Z1815,870.09491,358.03538,17.44923,1746.57870
Z1816,869.73526,356.40614,8.27809,1772.53703
Z1817,870.28221,356.46448,8.27809,1778.12064
Z1818,877.94597,366.80536,21.03883,1690.41725
Z1819,875.02937,356.35066,11.98122,1865.24065
Z1820,868.67743,355.27165,24.62435,1781.99867
Z1821,923.16346,403.38605,22.96447,2009.47433
Z1822,878.40697,368.48925,19.96337,1804.66677
Z1823,873.70343,370.18350,30.11735,1668.68856
Z1824,880.80094,378.58971,26.81134,1723.79489
Z1826,885.53021,383.08632,22.88401,1766.95287
Z1827,892.33053,390.72725,16.20995,1772.65820
Z1828,909.53329,404.52099,5.49368,1847.04250
Z1829,912.92655,406.88604,8.33905,1858.47467
Z1830,888.89885,386.77880,22.23492,1766.14708
Z1831,892.74447,388.51722,13.63990,1813.12864
Z1832,895.45636,391.08197,13.63990,1818.12287
Z1833,900.29465,397.53600,13.38190,1807.62121
Z1834,904.14969,400.57699,16.48590,1824.04940
Z1835,882.64411,379.57247,22.99129,1768.14587
Z1836,910.69026,405.35902,5.49368,1850.19550
Z1837,1065.56831,483.20476,16.25606,2429.01163
Z1838,1190.59293,511.19782,64.06520,2416.94761
Z1839,1006.79129,447.19984,38.90380,2318.58554
Z1840,1084.38240,474.75901,49.20347,2370.99811
Z1841,1149.27643,502.20768,45.05262,2456.93625
Z1842,1135.74784,499.52242,25.07395,2462.18757
Z1843,1218.06254,526.87791,22.01913,2561.76243
Z1844,1210.72277,523.72859,21.44992,2543.50485
Z1845,1195.25664,519.67709,28.13750,2530.21314
Z1846,1177.34617,512.25767,28.11468,2492.42996
Z1847,1214.50483,519.53107,10.43395,2478.24045
Z1848,1333.78163,546.72900,18.18941,2511.36455
Z1849,917.23590,405.78891,43.48512,1933.27671
Z1850,1542.70087,608.65490,14.09348,2869.70429
Z1851,1535.41345,608.23663,14.09414,2854.08304
Z1852,1544.12541,609.08368,14.09414,2865.64336
Z1853,1537.06132,608.52096,14.10039,2849.38436
Z1854,1459.09806,601.95554,38.92781,2713.71385
Z1855,1545.54669,609.33678,14.10039,2860.84987
Z1856,1586.83340,612.81283,51.50229,2920.12769
Z1857,1287.55075,580.33325,28.47599,2459.12308
Z1858,1320.95055,588.67592,21.37273,2512.18581
Z1859,1325.31634,589.11867,21.37273,2506.56432
Z1861,1420.57385,605.68263,35.11712,2649.29071
Z1864,1078.10539,511.48681,32.22555,2264.87859
Z1865,1065.60089,505.58369,27.79620,2272.97578
Z1866,992.50252,463.23134,29.17246,2124.71993
Z1867,1105.85148,523.42491,36.21452,2287.36753
Z1868,1114.53622,526.36752,35.65962,2282.72553
Z1869,972.48773,448.85187,16.04843,2086.23635
Z1870,1022.60565,482.06607,14.21484,2197.05032
Z1871,966.25672,444.19332,16.04843,2071.37177
Z1872,1031.24356,485.97242,13.54783,2234.97619
Z1873,1023.31374,481.24636,24.59716,2105.35742
Z1874,1123.42616,531.91229,43.26722,2419.09121
Z1875,1098.17116,521.12529,33.47621,2348.27657
Z1876,1023.21002,475.77516,27.74783,2259.83282
Z1877,1505.44350,625.49041,32.96009,2905.36882
Z1878,1488.73658,623.21740,32.96009,2879.30150
Z1879,1214.26145,568.45358,42.03067,2556.26855
Z1880,1220.44574,570.09262,38.63494,2540.05449
Z1881,1239.66550,576.54732,40.47858,2579.26526
Z1882,1234.25399,573.73201,38.79313,2540.28817
Z1883,1257.53825,581.15315,54.31014,2585.90207
Z1884,1337.23325,597.52356,25.44027,2648.91960
Z1885,1326.80230,594.94387,28.88565,2626.72957
Z1887,1173.58387,552.16827,31.78978,2527.00853
Z1888,1171.37508,551.63606,31.78978,2518.28930
Z1889,1126.67958,532.21504,39.50742,2444.31672
Z1890,1177.60664,554.54875,40.95820,2519.80915
Z1891,1580.62104,638.86410,50.16133,3072.20574
Z1892,1635.20161,641.31248,30.05573,3131.53148
Z1893,1655.18411,642.20339,30.05573,3152.81639
Z1894,1298.63827,594.21431,21.35776,2689.20601
Z1895,1370.78119,612.51060,40.55880,2813.05481
Z1896,1309.61863,599.47223,18.69999,2738.36075
Z1897,1296.23416,595.96448,18.69999,2720.02994
Z1898,1299.43519,596.81234,18.13544,2726.39399
Z1899,1286.16654,593.15051,18.13544,2708.27015
Z1900,1290.20588,594.09963,18.96165,2715.29420
Z1901,1276.69015,590.20186,18.96165,2696.57890
Z1902,1281.42151,591.30063,18.24765,2703.90209
Z1903,1268.29821,587.33226,18.24765,2685.65561
Z1904,1244.35398,578.75649,35.48280,2651.41785
Z1905,1237.49205,576.06047,35.05608,2640.37400
Z1906,1231.57127,573.73784,35.05608,2629.95663
Z1907,1293.86266,593.60620,35.16591,2719.51392
Z1908,1232.88230,576.88162,13.56852,2626.93478
Z1909,1241.94239,579.85248,13.56852,2640.28839
Z1910,1140.20346,541.73159,5.83449,2461.94102
Z1911,1192.68627,562.65531,13.77154,2564.65855
Z1912,1107.66125,526.43329,13.93812,2412.26683
Z1913,1125.64514,535.16973,12.19631,2445.09833
Z1914,1143.08158,542.99317,5.83449,2467.28595
Z1915,1167.20359,552.70506,14.92246,2523.49891
Z1916,1125.27028,534.86133,10.37806,2447.20455
Z1917,1220.69209,570.12766,46.89793,2569.90890
Z1918,1381.27410,603.17410,21.86312,2749.11901
Z1919,1266.61997,587.11504,12.55744,2667.60485
Z1920,1272.79363,588.97615,10.73895,2677.37074
Z1922,1333.16343,598.62106,25.61622,2718.75772
Z1923,1242.71752,578.18587,42.18848,2614.99528
Z1924,1280.61175,591.12219,10.73895,2687.94641
Z1925,1111.96986,523.46598,38.97195,2438.08201
Z1926,1203.35282,540.11126,19.76969,2354.03252
Z1927,1533.36101,647.40340,14.66242,2826.30727
Z1928,1133.34861,518.60040,31.39230,2541.43991
Z1929,1135.22355,532.70394,14.87854,2575.68815
Z1931,1188.75913,556.84059,19.90402,2657.26788
Z1932,1287.07588,538.77744,11.61936,2595.69226
Z1933,1241.88651,536.11239,33.09050,2612.08116
Z1934,1279.97069,541.92244,21.05776,2635.41842
Z1935,1270.63787,534.43569,12.57127,2562.07106
Z1936,1275.47741,535.80963,12.57127,2573.15486
Z1937,1279.53058,537.05795,11.61936,2584.07408
Z1938,1219.88784,587.59405,18.10135,2726.88419
Z1939,1308.56402,621.16723,26.21544,2852.41444
Z1940,1078.48779,507.75655,23.17416,2459.17430
Z1941,947.01218,419.18762,24.46989,2086.30610
Z1942,1257.28452,597.88396,10.54795,2767.28179
Z1943,1264.48008,600.39788,10.54795,2777.08457
Z1944,1315.42383,573.42072,24.62236,2781.47444
Z1946,913.68756,396.99595,50.80300,1814.82665
Z1947,915.32566,395.59643,21.79870,1836.13439
Z1948,1195.77446,570.72537,21.09422,2685.71706
Z1949,1333.77560,604.13737,8.10741,2858.13523
Z1950,1406.11875,612.03242,32.02692,2939.39117
Z1951,1397.30494,614.71226,18.26900,2935.32914
Z1952,1374.83778,620.94166,19.12215,2923.09814
Z1953,1217.47217,585.70674,14.82356,2724.84410
Z1954,1274.97032,606.94798,14.74469,2807.09987
Z1955,1446.03673,652.42815,12.81809,3027.76345
Z1956,1434.47390,650.42115,17.28236,3013.04939
Z1957,1449.59752,652.79610,10.03572,3031.13518
Z1958,1464.64184,654.75979,20.79790,3048.31348
Z1960,1497.93892,658.66621,18.96589,3091.88494
Z1961,1455.21103,650.44601,17.23591,3028.57593
Z1962,1582.77681,664.68445,11.73782,3180.98535
Z1963,1663.36791,664.53352,56.46083,3278.34457
Z1965,1195.78882,575.91453,25.78017,2691.33475
Z1968,934.84230,417.05857,14.94872,1931.10281
Z1970,1264.25005,581.00231,52.17841,2450.15216
Z1971,876.80171,372.11345,16.47994,1681.02889
Z1972,1409.69876,600.24941,34.94884,2578.94041
Z1973,1380.40011,628.01454,17.66974,2671.00276
Z1974,1385.84806,630.20361,23.57659,2686.12554
Z1975,1379.60252,628.31340,35.61418,2684.54233
Z1976,1337.36500,616.80288,14.62731,2614.21530
Z1977,1523.07801,633.50532,11.47179,2862.88405
Z1978,1514.36671,600.37091,29.05185,2811.68654
Z1979,1437.18452,639.76660,31.82471,2761.30387
Z1980,1392.26727,603.99724,29.58781,2696.42761
Z1981,1433.58785,591.39151,28.28554,2750.98198
Z1982,1002.78919,469.49554,30.13801,2080.52767
Z1983,1456.04417,594.96246,28.28554,2779.06498
Z1985,1344.67725,571.79424,5.39297,2589.68710
Z1986,1343.08487,571.27943,5.39297,2588.74758
Z1987,1000.73202,467.68615,28.86312,2058.21146
