InputID,TargetID,Distance
Z0000,Z0733,1605.59944
Z0000,Z0730,1772.49998
Z0000,Z0731,1683.67734
Z0000,Z0720,1768.21631
Z0000,Z0721,1744.15548
Z0000,Z0718,1823.21448
Z0000,Z0719,1813.54314
Z0000,Z0724,1719.98352
Z0000,Z0725,1817.30321
Z0000,Z0722,2004.65657
Z0000,Z0723,2046.72197
Z0000,Z0712,1996.51749
Z0000,Z0713,1954.74290
Z0000,Z0710,2027.37397
Z0000,Z0711,2026.52143
Z0000,Z0716,1872.74183
Z0000,Z0717,1856.19064
Z0000,Z0714,1957.55917
Z0000,Z0715,1884.60271
Z0000,Z0769,1933.28016
Z0000,Z0770,1931.61855
Z0000,Z0767,1960.83166
Z0000,Z0768,1927.92086
Z0000,Z0773,1879.20072
Z0000,Z0774,1889.82923
Z0000,Z0771,1929.91235
Z0000,Z0772,1872.48317
Z0000,Z0761,2102.48986
Z0000,Z0762,2075.59553
Z0000,Z0759,2123.19666
Z0000,Z0760,2166.87103
Z0000,Z0765,2002.23027
Z0000,Z0766,1991.98140
Z0000,Z0763,2173.13086
Z0000,Z0764,2064.09494
Z0000,Z0753,2072.48094
Z0000,Z0754,2012.69398
Z0000,Z0751,2135.65970
Z0000,Z0752,2106.90265
Z0000,Z0757,2183.60468
Z0000,Z0758,2153.55431
Z0000,Z0755,2244.95493
Z0000,Z0756,2213.95131
Z0000,Z0745,1916.65506
Z0000,Z0746,1923.91308
Z0000,Z0743,1683.46949
Z0000,Z0744,1782.92984
Z0000,Z0749,1835.97263
Z0000,Z0750,2093.47782
Z0000,Z0747,1842.13662
Z0000,Z0748,1824.57327
Z0000,Z0672,809.16484
Z0000,Z0673,803.48749
Z0000,Z0670,894.49646
Z0000,Z0671,743.66315
Z0000,Z0676,772.78814
Z0000,Z0677,457.04835
Z0000,Z0674,811.75706
Z0000,Z0675,789.98753
Z0000,Z0664,1473.02197
Z0000,Z0665,1235.73031
Z0000,Z0662,1543.77337
Z0000,Z0663,1632.89975
Z0000,Z0668,1916.48697
Z0000,Z0669,1561.98929
Z0000,Z0666,1991.23366
Z0000,Z0667,2133.55101
Z0000,Z0656,1489.25275
Z0000,Z0657,1478.37034
Z0000,Z0654,1516.61013
Z0000,Z0655,1502.00340
Z0000,Z0660,1521.45197
Z0000,Z0661,1532.00748
Z0000,Z0658,1504.79742
Z0000,Z0659,1511.93124
Z0000,Z0648,980.77757
Z0000,Z0649,849.48553
Z0000,Z0646,949.32950
Z0000,Z0647,940.51440
Z0000,Z0652,1252.82702
Z0000,Z0653,1535.08278
Z0000,Z0650,795.20561
Z0000,Z0651,1223.92740
Z0000,Z0704,1806.99601
Z0000,Z0705,1926.67330
Z0000,Z0702,2051.55799
Z0000,Z0703,1927.12086
Z0000,Z0708,2090.24813
Z0000,Z0709,2056.10772
Z0000,Z0706,1919.54196
Z0000,Z0707,2106.69773
Z0000,Z0696,2189.80692
Z0000,Z0697,2205.10617
Z0000,Z0694,2125.41429
Z0000,Z0695,2147.69905
Z0000,Z0700,2163.86321
Z0000,Z0701,2086.55107
Z0000,Z0698,2155.57053
Z0000,Z0699,2210.81031
Z0000,Z0688,2228.13815
Z0000,Z0689,2260.87533
Z0000,Z0686,1856.24330
Z0000,Z0687,2202.81386
Z0000,Z0692,2129.50437
Z0000,Z0693,2136.79199
Z0000,Z0690,2244.48626
Z0000,Z0691,2061.63566
Z0000,Z0680,420.10805
Z0000,Z0681,394.57487
Z0000,Z0678,483.15250
Z0000,Z0679,480.13368
Z0000,Z0684,1519.51796
Z0000,Z0685,1604.40430
Z0000,Z0682,1602.55763
Z0000,Z0683,1631.69543
Z0000,Z0865,1102.01371
Z0000,Z0866,1436.38662
Z0000,Z0863,1026.59882
Z0000,Z0864,990.71810
Z0000,Z0871,2089.74595
Z0000,Z0874,2241.49203
Z0000,Z0867,1566.24107
Z0000,Z0868,1561.40529
Z0000,Z0857,2338.76208
Z0000,Z0858,2254.81286
Z0000,Z0855,2388.53514
Z0000,Z0856,2281.14766
Z0000,Z0861,1032.08303
Z0000,Z0862,1000.83490
Z0000,Z0859,2385.59372
Z0000,Z0860,2289.27977
Z0000,Z0849,2294.15606
Z0000,Z0850,2229.49076
Z0000,Z0847,2202.58221
Z0000,Z0848,2293.67709
Z0000,Z0853,2206.96104
Z0000,Z0854,1919.59970
Z0000,Z0851,2340.50580
Z0000,Z0852,2316.45825
Z0000,Z0841,2198.21148
Z0000,Z0842,2371.25134
Z0000,Z0839,2387.15781
Z0000,Z0840,2193.06705
Z0000,Z0845,2349.06307
Z0000,Z0846,2382.31863
Z0000,Z0843,2337.56064
Z0000,Z0844,2324.45898
Z0000,Z0901,1817.40244
Z0000,Z0902,1825.45082
Z0000,Z0899,1965.78205
Z0000,Z0900,1828.18560
Z0000,Z0905,1905.67293
Z0000,Z0906,1847.51585
Z0000,Z0903,1799.52891
Z0000,Z0904,1907.18204
Z0000,Z0893,1886.26585
Z0000,Z0894,2212.72961
Z0000,Z0891,1866.70353
Z0000,Z0892,1771.41351
Z0000,Z0897,1845.70352
Z0000,Z0898,1876.77982
Z0000,Z0895,1875.43501
Z0000,Z0896,2394.45904
Z0000,Z0885,2130.11508
Z0000,Z0886,2152.29377
Z0000,Z0883,2191.41732
Z0000,Z0884,2204.83054
Z0000,Z0889,2007.83040
Z0000,Z0890,2147.24515
Z0000,Z0887,2266.26560
Z0000,Z0888,2232.22851
Z0000,Z0877,2190.76843
Z0000,Z0878,2273.68560
Z0000,Z0875,2401.07077
Z0000,Z0876,2012.86603
Z0000,Z0881,2105.39601
Z0000,Z0882,2477.38530
Z0000,Z0879,2150.71140
Z0000,Z0880,2390.02486
Z0000,Z0801,1943.81939
Z0000,Z0802,1910.21605
Z0000,Z0799,1987.59252
Z0000,Z0800,2025.30403
Z0000,Z0805,1944.00532
Z0000,Z0806,1912.01649
Z0000,Z0803,1878.58569
Z0000,Z0804,1847.50394
Z0000,Z0793,2085.12178
Z0000,Z0794,1921.13223
Z0000,Z0791,1775.28862
Z0000,Z0792,1783.88141
Z0000,Z0797,2148.96484
Z0000,Z0798,2115.46758
Z0000,Z0795,1817.17220
Z0000,Z0796,1786.04180
Z0000,Z0785,1738.11890
Z0000,Z0786,1721.19974
Z0000,Z0783,1747.74300
Z0000,Z0784,1762.94904
Z0000,Z0789,1690.75397
Z0000,Z0790,1753.75292
Z0000,Z0787,1762.16950
Z0000,Z0788,1747.33246
Z0000,Z0777,1901.27995
Z0000,Z0778,1879.51117
Z0000,Z0775,1828.03384
Z0000,Z0776,1790.44850
Z0000,Z0781,1790.36723
Z0000,Z0782,1772.84693
Z0000,Z0779,1850.56150
Z0000,Z0780,1800.91407
Z0000,Z0833,2406.73289
Z0000,Z0834,2436.91328
Z0000,Z0831,2471.90564
Z0000,Z0832,2463.20059
Z0000,Z0837,2215.96616
Z0000,Z0838,2194.34447
Z0000,Z0835,2370.11699
Z0000,Z0836,2334.40180
Z0000,Z0825,2408.66975
Z0000,Z0826,2407.58190
Z0000,Z0823,1684.56834
Z0000,Z0824,2455.59736
Z0000,Z0829,2374.66801
Z0000,Z0830,2385.28504
Z0000,Z0827,2432.78810
Z0000,Z0828,2404.36632
Z0000,Z0817,1809.75036
Z0000,Z0818,1690.77952
Z0000,Z0815,1814.53047
Z0000,Z0816,1866.79579
Z0000,Z0821,1731.98869
Z0000,Z0822,1709.54670
Z0000,Z0819,1639.13832
Z0000,Z0820,1749.91461
Z0000,Z0809,1817.43527
Z0000,Z0810,1785.53190
Z0000,Z0807,1880.14057
Z0000,Z0808,1848.64234
Z0000,Z0813,1833.73217
Z0000,Z0814,1890.37889
Z0000,Z0811,1920.42208
Z0000,Z0812,1848.17950
Z0000,Z0999,1229.60692
Z0000,Z1000,1256.51253
Z0000,Z0997,1295.96647
Z0000,Z0998,1245.78156
Z0000,Z1003,1029.40810
Z0000,Z1004,1074.18658
Z0000,Z1001,1277.78634
Z0000,Z1002,1027.85893
Z0000,Z0991,1475.65652
Z0000,Z0992,1298.34042
Z0000,Z0989,1433.84046
Z0000,Z0990,1370.01845
Z0000,Z0995,1373.16912
Z0000,Z0996,1340.00010
Z0000,Z0993,1352.23408
Z0000,Z0994,1440.85335
Z0000,Z0982,1375.84346
Z0000,Z0983,1273.32425
Z0000,Z0980,1418.32139
Z0000,Z0981,1416.07688
Z0000,Z0987,1297.13995
Z0000,Z0988,1415.35666
Z0000,Z0984,1385.19893
Z0000,Z0985,1358.54910
Z0000,Z0974,1391.04343
Z0000,Z0975,1377.23772
Z0000,Z0972,1285.22134
Z0000,Z0973,1265.49361
Z0000,Z0978,1419.57545
Z0000,Z0979,1396.27921
Z0000,Z0976,1323.52021
Z0000,Z0977,1347.60061
Z0000,Z1031,1085.60309
Z0000,Z1032,1325.06526
Z0000,Z1029,1175.75217
Z0000,Z1030,1471.08679
Z0000,Z1035,1362.59197
Z0000,Z1036,1257.58125
Z0000,Z1033,1225.85371
Z0000,Z1034,1458.83035
Z0000,Z1023,1487.58659
Z0000,Z1024,1329.49181
Z0000,Z1021,1212.17098
Z0000,Z1022,1089.18227
Z0000,Z1027,1148.49270
Z0000,Z1028,1159.52554
Z0000,Z1025,1214.26333
Z0000,Z1026,1448.26830
Z0000,Z1015,1126.03328
Z0000,Z1016,1135.05781
Z0000,Z1013,1222.13910
Z0000,Z1014,1181.66851
Z0000,Z1019,1204.12408
Z0000,Z1020,1476.48866
Z0000,Z1017,1143.23895
Z0000,Z1018,1175.24885
Z0000,Z1007,1028.11049
Z0000,Z1008,1003.57153
Z0000,Z1005,1095.18618
Z0000,Z1006,1186.07279
Z0000,Z1011,1050.55048
Z0000,Z1012,1180.75349
Z0000,Z1009,1130.48660
Z0000,Z1010,992.63442
Z0000,Z0934,1360.79839
Z0000,Z0935,1457.36963
Z0000,Z0932,1445.89317
Z0000,Z0933,1396.80355
Z0000,Z0938,1584.21877
Z0000,Z0939,1423.92460
Z0000,Z0936,1385.52369
Z0000,Z0937,1463.07130
Z0000,Z0926,1532.52939
Z0000,Z0927,1507.88712
Z0000,Z0924,1332.09308
Z0000,Z0925,1492.49489
Z0000,Z0930,1399.66720
Z0000,Z0931,1438.24670
Z0000,Z0928,1516.52050
Z0000,Z0929,1433.54932
Z0000,Z0918,1535.82958
Z0000,Z0919,1464.31885
Z0000,Z0916,1641.86799
Z0000,Z0917,1705.15243
Z0000,Z0922,1364.26568
Z0000,Z0923,1359.64513
Z0000,Z0920,1712.36794
Z0000,Z0921,1476.20031
Z0000,Z0910,1592.62090
Z0000,Z0911,1566.68681
Z0000,Z0908,1665.94395
Z0000,Z0909,1561.18475
Z0000,Z0914,1781.68337
Z0000,Z0915,1572.08341
Z0000,Z0912,1625.15915
Z0000,Z0913,1511.03849
Z0000,Z0966,2036.63789
Z0000,Z0967,1677.36475
Z0000,Z0964,1947.69886
Z0000,Z0965,1568.07036
Z0000,Z0970,1424.96744
Z0000,Z0971,1446.57071
Z0000,Z0968,2280.19868
Z0000,Z0969,1382.35285
Z0000,Z0958,1673.40208
Z0000,Z0959,2344.68059
Z0000,Z0956,2015.62239
Z0000,Z0957,2008.77894
Z0000,Z0962,1650.57802
Z0000,Z0963,1714.81946
Z0000,Z0960,1590.86959
Z0000,Z0961,2058.04756
Z0000,Z0950,1553.84097
Z0000,Z0951,1396.50485
Z0000,Z0948,1400.56597
Z0000,Z0949,1607.87811
Z0000,Z0954,1476.62122
Z0000,Z0955,1604.03843
Z0000,Z0952,1414.57388
Z0000,Z0953,1405.23626
Z0000,Z0942,1404.21172
Z0000,Z0943,1419.59448
Z0000,Z0940,1428.85149
Z0000,Z0941,1433.78899
Z0000,Z0946,1475.64950
Z0000,Z0947,1563.10466
Z0000,Z0944,1415.10956
Z0000,Z0945,1468.73471
Z0000,Z1129,1108.75596
Z0000,Z1130,960.93263
Z0000,Z1127,860.59719
Z0000,Z1128,868.87031
Z0000,Z1133,710.10307
Z0000,Z1134,858.98764
Z0000,Z1131,746.68234
Z0000,Z1132,962.80751
Z0000,Z1121,802.78941
Z0000,Z1122,1008.89056
Z0000,Z1119,892.35899
Z0000,Z1120,1222.80019
Z0000,Z1125,840.75695
Z0000,Z1126,1004.51250
Z0000,Z1123,942.92347
Z0000,Z1124,763.88512
Z0000,Z1113,1200.45606
Z0000,Z1114,794.85107
Z0000,Z1111,733.57833
Z0000,Z1112,781.81869
Z0000,Z1117,1059.42283
Z0000,Z1118,791.32059
Z0000,Z1115,794.19653
Z0000,Z1116,1054.37320
Z0000,Z1105,936.29506
Z0000,Z1106,1034.75297
Z0000,Z1102,930.42490
Z0000,Z1104,937.21401
Z0000,Z1109,764.19358
Z0000,Z1110,912.51750
Z0000,Z1107,1083.06247
Z0000,Z1108,962.34392
Z0000,Z1161,542.14609
Z0000,Z1162,666.47791
Z0000,Z1159,619.38057
Z0000,Z1160,594.51355
Z0000,Z1165,575.34215
Z0000,Z1166,492.44125
Z0000,Z1163,538.10824
Z0000,Z1164,561.82063
Z0000,Z1153,525.29954
Z0000,Z1154,549.20292
Z0000,Z1151,602.45966
Z0000,Z1152,581.12014
Z0000,Z1157,573.22095
Z0000,Z1158,633.35801
Z0000,Z1155,617.32972
Z0000,Z1156,543.27714
Z0000,Z1145,428.47714
Z0000,Z1146,519.85879
Z0000,Z1143,1070.50711
Z0000,Z1144,1087.92892
Z0000,Z1149,405.35648
Z0000,Z1150,505.71896
Z0000,Z1147,470.68437
Z0000,Z1148,544.83143
Z0000,Z1137,721.70461
Z0000,Z1138,1056.84155
Z0000,Z1135,809.65982
Z0000,Z1136,809.02747
Z0000,Z1141,851.04449
Z0000,Z1142,1074.38889
Z0000,Z1139,830.40389
Z0000,Z1140,851.17693
Z0000,Z1063,1444.07163
Z0000,Z1064,1199.31745
Z0000,Z1061,1242.32657
Z0000,Z1062,1184.58941
Z0000,Z1067,1811.86849
Z0000,Z1068,1798.18296
Z0000,Z1065,2019.46582
Z0000,Z1066,1798.98933
Z0000,Z1055,1054.49613
Z0000,Z1056,1193.20931
Z0000,Z1053,1453.98855
Z0000,Z1054,1333.74372
Z0000,Z1059,1158.08501
Z0000,Z1060,1120.24424
Z0000,Z1057,1079.80675
Z0000,Z1058,1238.13605
Z0000,Z1047,1714.01137
Z0000,Z1048,1115.08014
Z0000,Z1045,1069.73444
Z0000,Z1046,1459.79273
Z0000,Z1051,1158.29209
Z0000,Z1052,1217.52864
Z0000,Z1049,1106.27182
Z0000,Z1050,1169.89386
Z0000,Z1039,1253.19578
Z0000,Z1040,1249.75806
Z0000,Z1037,1450.97249
Z0000,Z1038,1203.56951
Z0000,Z1043,1094.64091
Z0000,Z1044,1461.59759
Z0000,Z1041,1163.76564
Z0000,Z1042,1478.45026
Z0000,Z1096,927.25350
Z0000,Z1097,710.60271
Z0000,Z1094,968.23431
Z0000,Z1095,962.83749
Z0000,Z1100,774.56281
Z0000,Z1101,986.69544
Z0000,Z1098,942.56148
Z0000,Z1099,914.23850
Z0000,Z1088,1183.07750
Z0000,Z1089,999.90756
Z0000,Z1086,1231.35483
Z0000,Z1087,768.35562
Z0000,Z1092,835.37445
Z0000,Z1093,1086.00899
Z0000,Z1090,666.47556
Z0000,Z1091,922.64277
Z0000,Z1080,433.21953
Z0000,Z1081,496.48272
Z0000,Z1078,511.44039
Z0000,Z1079,519.08548
Z0000,Z1084,520.26601
Z0000,Z1085,519.65990
Z0000,Z1082,538.62374
Z0000,Z1083,496.21088
Z0000,Z1072,627.84239
Z0000,Z1073,295.53231
Z0000,Z1069,379.55254
Z0000,Z1070,728.86439
Z0000,Z1076,871.56097
Z0000,Z1077,474.54756
Z0000,Z1074,450.23383
Z0000,Z1075,433.19880
Z0000,Z1258,849.32285
Z0000,Z1259,1327.89149
Z0000,Z1256,1120.75308
Z0000,Z1257,1411.72940
Z0000,Z1262,1311.36988
Z0000,Z1263,866.05305
Z0000,Z1260,1306.68767
Z0000,Z1261,920.43825
Z0000,Z1249,1461.62502
Z0000,Z1250,1419.95283
Z0000,Z1247,1610.41162
Z0000,Z1248,1600.70237
Z0000,Z1253,1568.15971
Z0000,Z1254,1327.70975
Z0000,Z1251,1372.53629
Z0000,Z1252,1443.54815
Z0000,Z1241,78.72204
Z0000,Z1242,65.92790
Z0000,Z1239,136.78679
Z0000,Z1240,118.64982
Z0000,Z1245,1583.36596
Z0000,Z1246,1556.14910
Z0000,Z1243,360.07425
Z0000,Z1244,1574.48639
Z0000,Z1233,2040.45362
Z0000,Z1234,2226.62535
Z0000,Z1231,2129.28777
Z0000,Z1232,2193.46932
Z0000,Z1237,145.27256
Z0000,Z1238,73.61013
Z0000,Z1235,2162.83769
Z0000,Z1236,215.02484
Z0000,Z1290,1572.19705
Z0000,Z1291,1312.67796
Z0000,Z1288,1642.21386
Z0000,Z1289,1347.87277
Z0000,Z1294,1195.03847
Z0000,Z1295,1319.29922
Z0000,Z1292,1257.95793
Z0000,Z1293,1200.91586
Z0000,Z1282,1340.30156
Z0000,Z1283,1362.53569
Z0000,Z1280,1385.86013
Z0000,Z1281,1184.28764
Z0000,Z1286,1527.52851
Z0000,Z1287,1380.29512
Z0000,Z1284,1539.02414
Z0000,Z1285,1458.91279
Z0000,Z1274,1145.52156
Z0000,Z1275,1618.44426
Z0000,Z1272,1316.37805
Z0000,Z1273,1321.13810
Z0000,Z1278,1637.44017
Z0000,Z1279,1358.41348
Z0000,Z1276,1166.82567
Z0000,Z1277,1234.18098
Z0000,Z1266,1200.31530
Z0000,Z1267,1596.78338
Z0000,Z1264,1434.15358
Z0000,Z1265,1200.41978
Z0000,Z1270,1318.20176
Z0000,Z1271,1501.98282
Z0000,Z1268,1288.82999
Z0000,Z1269,1417.53978
Z0000,Z1193,498.40841
Z0000,Z1194,481.55590
Z0000,Z1191,397.41755
Z0000,Z1192,511.45859
Z0000,Z1197,336.50864
Z0000,Z1198,355.30148
Z0000,Z1195,271.05594
Z0000,Z1196,461.00026
Z0000,Z1185,370.09264
Z0000,Z1186,217.97221
Z0000,Z1183,462.35004
Z0000,Z1184,510.60171
Z0000,Z1189,501.04652
Z0000,Z1190,381.61236
Z0000,Z1187,239.66604
Z0000,Z1188,196.62262
Z0000,Z1177,508.52091
Z0000,Z1178,457.01161
Z0000,Z1175,415.43767
Z0000,Z1176,448.48754
Z0000,Z1181,310.73259
Z0000,Z1182,523.83002
Z0000,Z1179,425.45552
Z0000,Z1180,290.71241
Z0000,Z1169,610.02086
Z0000,Z1170,638.09608
Z0000,Z1167,591.81188
Z0000,Z1168,649.36898
Z0000,Z1173,292.84380
Z0000,Z1174,276.36057
Z0000,Z1171,365.53970
Z0000,Z1172,324.75515
Z0000,Z1225,559.13042
Z0000,Z1226,455.06179
Z0000,Z1223,421.60301
Z0000,Z1224,393.07167
Z0000,Z1229,543.40432
Z0000,Z1230,554.29798
Z0000,Z1227,493.28297
Z0000,Z1228,437.48806
Z0000,Z1217,545.46453
Z0000,Z1218,533.78513
Z0000,Z1215,507.60572
Z0000,Z1216,587.62625
Z0000,Z1221,475.92549
Z0000,Z1222,613.57824
Z0000,Z1219,488.80498
Z0000,Z1220,480.17865
Z0000,Z1209,607.33092
Z0000,Z1210,480.11140
Z0000,Z1207,525.55417
Z0000,Z1208,536.05506
Z0000,Z1213,429.28871
Z0000,Z1214,457.29637
Z0000,Z1211,507.21412
Z0000,Z1212,449.37360
Z0000,Z1201,485.55473
Z0000,Z1202,495.80897
Z0000,Z1199,379.15488
Z0000,Z1200,429.33195
Z0000,Z1205,508.21261
Z0000,Z1206,511.80135
Z0000,Z1203,534.44251
Z0000,Z1204,462.30050
Z0000,Z1388,2010.44696
Z0000,Z1389,1599.54895
Z0000,Z1386,2020.72965
Z0000,Z1387,2305.08082
Z0000,Z1392,1868.84640
Z0000,Z1393,1109.56032
Z0000,Z1390,1825.63943
Z0000,Z1391,1904.49046
Z0000,Z1380,845.65849
Z0000,Z1381,1995.35850
Z0000,Z1378,808.07167
Z0000,Z1379,718.32138
Z0000,Z1384,1562.08709
Z0000,Z1385,2033.38829
Z0000,Z1382,2008.46008
Z0000,Z1383,565.62786
Z0000,Z1372,746.09612
Z0000,Z1373,817.92180
Z0000,Z1370,768.47018
Z0000,Z1371,759.57078
Z0000,Z1376,756.18860
Z0000,Z1377,1208.26785
Z0000,Z1374,595.03812
Z0000,Z1375,664.65274
Z0000,Z1364,789.89037
Z0000,Z1365,616.76403
Z0000,Z1362,491.61770
Z0000,Z1363,1156.68555
Z0000,Z1368,702.75886
Z0000,Z1369,624.79292
Z0000,Z1366,830.99818
Z0000,Z1367,849.14869
Z0000,Z1420,2226.34745
Z0000,Z1421,2315.47839
Z0000,Z1418,2322.12515
Z0000,Z1419,2431.54961
Z0000,Z1424,2422.12628
Z0000,Z1425,2403.76303
Z0000,Z1422,2336.75622
Z0000,Z1423,2442.49561
Z0000,Z1412,922.66176
Z0000,Z1413,926.13520
Z0000,Z1410,947.13044
Z0000,Z1411,910.33402
Z0000,Z1416,1075.51643
Z0000,Z1417,2202.93678
Z0000,Z1414,1998.36787
Z0000,Z1415,982.00771
Z0000,Z1404,727.71759
Z0000,Z1405,686.07712
Z0000,Z1402,1886.03721
Z0000,Z1403,277.44820
Z0000,Z1408,905.77089
Z0000,Z1409,880.57134
Z0000,Z1406,674.08356
Z0000,Z1407,609.90675
Z0000,Z1396,1379.16233
Z0000,Z1397,1385.51015
Z0000,Z1394,1378.46181
Z0000,Z1395,1341.20232
Z0000,Z1400,1882.16950
Z0000,Z1401,1924.88788
Z0000,Z1398,1274.93762
Z0000,Z1399,1899.50170
Z0000,Z1324,2192.06560
Z0000,Z1325,2206.34915
Z0000,Z1321,524.30755
Z0000,Z1322,525.89263
Z0000,Z1328,1912.01236
Z0000,Z1329,843.39248
Z0000,Z1326,1958.82619
Z0000,Z1327,814.12180
Z0000,Z1315,1761.36704
Z0000,Z1316,1862.77569
Z0000,Z1313,1939.11175
Z0000,Z1314,1900.23123
Z0000,Z1319,539.41159
Z0000,Z1320,471.55137
Z0000,Z1317,1898.62969
Z0000,Z1318,1679.01201
Z0000,Z1307,1894.65750
Z0000,Z1308,1824.10410
Z0000,Z1305,1292.29968
Z0000,Z1306,1920.45437
Z0000,Z1311,1941.22386
Z0000,Z1312,1915.28775
Z0000,Z1309,1871.95393
Z0000,Z1310,1837.45366
Z0000,Z1298,1289.84543
Z0000,Z1299,1272.89813
Z0000,Z1296,1282.07264
Z0000,Z1297,1564.74368
Z0000,Z1303,1261.56343
Z0000,Z1304,1324.84015
Z0000,Z1300,1237.30351
Z0000,Z1301,1314.58389
Z0000,Z1356,468.59566
Z0000,Z1357,421.84280
Z0000,Z1354,763.08442
Z0000,Z1355,509.05895
Z0000,Z1360,478.29076
Z0000,Z1361,442.97514
Z0000,Z1358,544.97735
Z0000,Z1359,550.55932
Z0000,Z1348,1815.60541
Z0000,Z1349,1823.59004
Z0000,Z1346,1732.93926
Z0000,Z1347,1721.73036
Z0000,Z1352,569.18969
Z0000,Z1353,787.44408
Z0000,Z1350,944.00014
Z0000,Z1351,531.44470
Z0000,Z1340,1951.89080
Z0000,Z1341,1750.95453
Z0000,Z1338,1853.21682
Z0000,Z1339,1878.43142
Z0000,Z1344,1887.03093
Z0000,Z1345,1782.07955
Z0000,Z1342,1796.85585
Z0000,Z1343,1690.82858
Z0000,Z1332,1974.95536
Z0000,Z1333,830.42276
Z0000,Z1330,1856.71310
Z0000,Z1331,1974.78108
Z0000,Z1336,1766.71748
Z0000,Z1337,1861.37144
Z0000,Z1334,1917.88939
Z0000,Z1335,787.43919
Z0000,Z1516,1498.05825
Z0000,Z1517,1506.28923
Z0000,Z1514,1477.34333
Z0000,Z1515,1424.28469
Z0000,Z1520,1865.51915
Z0000,Z1521,1840.78718
Z0000,Z1518,1445.05730
Z0000,Z1519,957.83499
Z0000,Z1508,1628.27406
Z0000,Z1509,1410.18635
Z0000,Z1506,1446.60611
Z0000,Z1507,1688.64832
Z0000,Z1512,1527.70261
Z0000,Z1513,1800.56336
Z0000,Z1510,1549.31734
Z0000,Z1511,1520.91130
Z0000,Z1500,1488.40245
Z0000,Z1501,1466.43943
Z0000,Z1498,1545.33189
Z0000,Z1499,1668.65580
Z0000,Z1504,1439.72476
Z0000,Z1505,1499.43115
Z0000,Z1502,1479.79192
Z0000,Z1503,1602.80330
Z0000,Z1492,1462.96558
Z0000,Z1493,1680.16370
Z0000,Z1490,1610.98986
Z0000,Z1491,1665.77978
Z0000,Z1496,1460.90635
Z0000,Z1497,1451.81930
Z0000,Z1494,1469.36381
Z0000,Z1495,1449.26799
Z0000,Z1548,1657.55263
Z0000,Z1549,1655.97414
Z0000,Z1546,364.41090
Z0000,Z1547,1421.81506
Z0000,Z1552,1073.15440
Z0000,Z1553,1066.73041
Z0000,Z1550,1731.86004
Z0000,Z1551,1731.52258
Z0000,Z1540,2077.27644
Z0000,Z1541,2129.54007
Z0000,Z1538,1966.37700
Z0000,Z1539,1887.78776
Z0000,Z1544,567.85175
Z0000,Z1545,531.38947
Z0000,Z1542,2122.55531
Z0000,Z1543,545.47267
Z0000,Z1532,544.28449
Z0000,Z1533,548.31092
Z0000,Z1530,459.52172
Z0000,Z1531,515.81214
Z0000,Z1536,578.61057
Z0000,Z1537,570.32377
Z0000,Z1534,577.25195
Z0000,Z1535,452.43785
Z0000,Z1524,1575.62545
Z0000,Z1525,1582.60479
Z0000,Z1522,1554.84778
Z0000,Z1523,1541.13164
Z0000,Z1528,500.05762
Z0000,Z1529,503.72204
Z0000,Z1526,1513.88629
Z0000,Z1527,480.80462
Z0000,Z1452,1678.75564
Z0000,Z1453,688.90826
Z0000,Z1450,1447.26696
Z0000,Z1451,1442.01213
Z0000,Z1456,1259.52689
Z0000,Z1457,1105.97888
Z0000,Z1454,1937.09424
Z0000,Z1455,1056.13582
Z0000,Z1444,418.63790
Z0000,Z1445,526.34891
Z0000,Z1442,704.71737
Z0000,Z1443,531.38313
Z0000,Z1448,1549.41378
Z0000,Z1449,1558.23411
Z0000,Z1446,504.60787
Z0000,Z1447,1530.75188
Z0000,Z1436,2262.97516
Z0000,Z1437,2240.94110
Z0000,Z1434,2298.60930
Z0000,Z1435,2198.98563
Z0000,Z1440,727.98964
Z0000,Z1441,584.97133
Z0000,Z1438,2263.16487
Z0000,Z1439,661.34411
Z0000,Z1428,2396.80219
Z0000,Z1429,2356.43798
Z0000,Z1426,2412.93898
Z0000,Z1427,2346.16160
Z0000,Z1432,2370.02817
Z0000,Z1433,2275.83218
Z0000,Z1430,2327.33152
Z0000,Z1431,2126.83139
Z0000,Z1484,1576.25128
Z0000,Z1485,1509.62042
Z0000,Z1482,1586.38457
Z0000,Z1483,1520.33628
Z0000,Z1488,1659.39588
Z0000,Z1489,1635.47463
Z0000,Z1486,1455.27448
Z0000,Z1487,1496.35411
Z0000,Z1476,1442.67159
Z0000,Z1477,1586.33155
Z0000,Z1474,1590.73761
Z0000,Z1475,1480.77411
Z0000,Z1480,1615.28478
Z0000,Z1481,1633.62491
Z0000,Z1478,1561.09507
Z0000,Z1479,1493.35584
Z0000,Z1468,1567.28627
Z0000,Z1469,1554.87397
Z0000,Z1466,1633.15094
Z0000,Z1467,1517.73516
Z0000,Z1472,1588.11879
Z0000,Z1473,1465.61363
Z0000,Z1470,1474.57213
Z0000,Z1471,1591.80264
Z0000,Z1460,1663.53033
Z0000,Z1461,1422.16665
Z0000,Z1458,1396.22841
Z0000,Z1459,1512.94332
Z0000,Z1464,1434.82210
Z0000,Z1465,1648.68069
Z0000,Z1462,1573.69986
Z0000,Z1463,1714.92520
Z0000,Z1645,1521.85355
Z0000,Z1646,1267.41432
Z0000,Z1643,1087.37861
Z0000,Z1644,1130.38479
Z0000,Z1649,311.94969
Z0000,Z1650,529.09395
Z0000,Z1647,1013.99818
Z0000,Z1648,490.57587
Z0000,Z1637,815.54137
Z0000,Z1638,653.33589
Z0000,Z1635,688.88885
Z0000,Z1636,694.03935
Z0000,Z1641,886.69977
Z0000,Z1642,1074.94910
Z0000,Z1639,649.83945
Z0000,Z1640,1064.62964
Z0000,Z1628,2283.56512
Z0000,Z1629,1799.02391
Z0000,Z1626,2079.08276
Z0000,Z1627,1971.09856
Z0000,Z1632,2008.17577
Z0000,Z1634,682.72893
Z0000,Z1630,1698.21079
Z0000,Z1631,1976.42189
Z0000,Z1620,768.35325
Z0000,Z1621,2142.83883
Z0000,Z1618,916.57616
Z0000,Z1619,961.46558
Z0000,Z1624,2147.94471
Z0000,Z1625,2132.22909
Z0000,Z1622,2008.54534
Z0000,Z1623,2108.42525
Z0000,Z1677,2495.25902
Z0000,Z1678,2412.64280
Z0000,Z1675,2557.31702
Z0000,Z1676,2548.75828
Z0000,Z1681,1448.97766
Z0000,Z1682,2374.46362
Z0000,Z1679,1611.87189
Z0000,Z1680,1549.18499
Z0000,Z1669,2458.67077
Z0000,Z1670,2601.33476
Z0000,Z1667,2576.09210
Z0000,Z1668,2621.65424
Z0000,Z1673,2523.39926
Z0000,Z1674,2609.72253
Z0000,Z1671,2445.44371
Z0000,Z1672,2588.64571
Z0000,Z1661,2504.22446
Z0000,Z1662,2634.42595
Z0000,Z1659,2426.16562
Z0000,Z1660,2491.31418
Z0000,Z1665,2537.23377
Z0000,Z1666,2471.62164
Z0000,Z1663,2472.13405
Z0000,Z1664,2478.11249
Z0000,Z1653,1113.07532
Z0000,Z1654,1140.29211
Z0000,Z1651,1465.65606
Z0000,Z1652,1482.50071
Z0000,Z1657,2510.76178
Z0000,Z1658,2440.07001
Z0000,Z1655,653.93980
Z0000,Z1656,1318.40114
Z0000,Z1580,1173.76575
Z0000,Z1581,1684.76564
Z0000,Z1578,1735.74381
Z0000,Z1579,1665.64674
Z0000,Z1584,1187.72891
Z0000,Z1585,1090.22356
Z0000,Z1582,1165.93051
Z0000,Z1583,1143.41729
Z0000,Z1572,1539.27325
Z0000,Z1573,1554.64744
Z0000,Z1570,1495.32986
Z0000,Z1571,1548.46482
Z0000,Z1576,1629.77732
Z0000,Z1577,1372.33735
Z0000,Z1574,1655.56813
Z0000,Z1575,2422.99125
Z0000,Z1564,1663.76757
Z0000,Z1565,1697.23723
Z0000,Z1562,1967.69537
Z0000,Z1563,1639.58225
Z0000,Z1568,791.35716
Z0000,Z1569,1506.33553
Z0000,Z1566,1914.94862
Z0000,Z1567,1944.75300
Z0000,Z1556,1824.71874
Z0000,Z1557,1795.50874
Z0000,Z1554,2290.21906
Z0000,Z1555,1766.40791
Z0000,Z1560,727.05822
Z0000,Z1561,1867.39517
Z0000,Z1558,1958.12459
Z0000,Z1559,1614.61541
Z0000,Z1612,687.18586
Z0000,Z1613,707.45052
Z0000,Z1610,777.23019
Z0000,Z1611,724.67921
Z0000,Z1616,902.37696
Z0000,Z1617,947.20093
Z0000,Z1614,1381.00597
Z0000,Z1615,752.96508
Z0000,Z1604,1545.97926
Z0000,Z1605,1740.00585
Z0000,Z1602,2004.82099
Z0000,Z1603,1837.76982
Z0000,Z1608,792.32132
Z0000,Z1609,773.97897
Z0000,Z1606,1884.75344
Z0000,Z1607,1469.53708
Z0000,Z1596,797.18526
Z0000,Z1597,1958.42335
Z0000,Z1594,807.21499
Z0000,Z1595,818.68521
Z0000,Z1600,1540.30936
Z0000,Z1601,1991.83083
Z0000,Z1598,1940.47140
Z0000,Z1599,1614.21539
Z0000,Z1588,1496.56041
Z0000,Z1589,900.38598
Z0000,Z1586,1345.19353
Z0000,Z1587,1419.61526
Z0000,Z1592,799.33142
Z0000,Z1593,807.18200
Z0000,Z1590,968.74039
Z0000,Z1591,905.81531
Z0000,Z1775,184.09928
Z0000,Z1776,972.07486
Z0000,Z1773,224.99102
Z0000,Z1774,188.86942
Z0000,Z1779,1005.78882
Z0000,Z1780,1152.37951
Z0000,Z1777,964.30569
Z0000,Z1778,998.53595
Z0000,Z1767,511.53742
Z0000,Z1768,349.36844
Z0000,Z1765,465.04279
Z0000,Z1766,343.67982
Z0000,Z1771,368.06198
Z0000,Z1772,191.43806
Z0000,Z1769,451.95464
Z0000,Z1770,442.69149
Z0000,Z1759,718.41138
Z0000,Z1760,714.04048
Z0000,Z1757,970.89042
Z0000,Z1758,971.48839
Z0000,Z1763,576.74943
Z0000,Z1764,578.72742
Z0000,Z1761,1561.78648
Z0000,Z1762,1419.04943
Z0000,Z1751,1172.98319
Z0000,Z1752,1134.41418
Z0000,Z1749,1273.24392
Z0000,Z1750,1145.04522
Z0000,Z1755,697.81135
Z0000,Z1756,771.06122
Z0000,Z1753,1161.17563
Z0000,Z1754,920.90582
Z0000,Z1810,1492.95247
Z0000,Z1811,1502.95465
Z0000,Z1808,1545.07448
Z0000,Z1809,1785.01499
Z0000,Z1814,1181.10970
Z0000,Z1815,1217.94224
Z0000,Z1812,1444.45764
Z0000,Z1813,1202.15696
Z0000,Z1801,1919.94827
Z0000,Z1802,1891.92514
Z0000,Z1797,1389.94825
Z0000,Z1800,1924.77340
Z0000,Z1806,1606.36946
Z0000,Z1807,1530.60386
Z0000,Z1804,1858.05741
Z0000,Z1805,1856.22200
Z0000,Z1791,2013.54071
Z0000,Z1792,2020.12689
Z0000,Z1789,2049.36493
Z0000,Z1790,1577.85996
Z0000,Z1795,1407.94518
Z0000,Z1796,1470.58595
Z0000,Z1793,1842.43555
Z0000,Z1794,1383.84692
Z0000,Z1783,2308.92220
Z0000,Z1784,2136.71994
Z0000,Z1781,1103.12850
Z0000,Z1782,2294.41274
Z0000,Z1787,2082.80651
Z0000,Z1788,2018.17571
Z0000,Z1785,2295.77344
Z0000,Z1786,2236.05788
Z0000,Z1710,1205.37897
Z0000,Z1711,1242.27937
Z0000,Z1708,1227.00261
Z0000,Z1709,1213.24415
Z0000,Z1714,1273.97704
Z0000,Z1716,1952.77510
Z0000,Z1712,1266.62987
Z0000,Z1713,1281.37550
Z0000,Z1701,1718.32143
Z0000,Z1702,1696.90291
Z0000,Z1699,467.89724
Z0000,Z1700,445.13796
Z0000,Z1706,1238.71735
Z0000,Z1707,1215.97498
Z0000,Z1703,807.19388
Z0000,Z1704,2059.18780
Z0000,Z1693,617.49591
Z0000,Z1694,557.76288
Z0000,Z1691,470.73391
Z0000,Z1692,1359.16802
Z0000,Z1697,462.96954
Z0000,Z1698,460.24695
Z0000,Z1695,975.90571
Z0000,Z1696,1261.99104
Z0000,Z1685,1955.37960
Z0000,Z1686,536.48105
Z0000,Z1683,1256.16163
Z0000,Z1684,1256.23133
Z0000,Z1689,1865.76063
Z0000,Z1690,1981.05889
Z0000,Z1687,509.20698
Z0000,Z1688,1782.89893
Z0000,Z1743,1507.92836
Z0000,Z1744,1591.51526
Z0000,Z1741,1839.27058
Z0000,Z1742,1796.36953
Z0000,Z1747,1235.36941
Z0000,Z1748,2212.96953
Z0000,Z1745,1422.61653
Z0000,Z1746,1374.34250
Z0000,Z1735,2006.55238
Z0000,Z1736,1923.85248
Z0000,Z1733,1921.15959
Z0000,Z1734,2004.57365
Z0000,Z1739,2099.16694
Z0000,Z1740,2273.20736
Z0000,Z1737,1326.32615
Z0000,Z1738,1588.50612
Z0000,Z1727,2369.96934
Z0000,Z1728,1842.66294
Z0000,Z1725,521.88821
Z0000,Z1726,2066.27846
Z0000,Z1731,1867.58947
Z0000,Z1732,1880.83549
Z0000,Z1729,1872.26982
Z0000,Z1730,1918.89683
Z0000,Z1719,2463.03380
Z0000,Z1720,2512.18605
Z0000,Z1717,2487.09001
Z0000,Z1718,2527.59018
Z0000,Z1723,2635.79254
Z0000,Z1724,2284.20925
Z0000,Z1721,2493.20729
Z0000,Z1722,2308.71291
Z0000,Z1911,2164.99954
Z0000,Z1912,2004.07773
Z0000,Z1909,2242.84717
Z0000,Z1910,2049.82934
Z0000,Z1915,2122.76440
Z0000,Z1916,2041.36220
Z0000,Z1913,2037.49795
Z0000,Z1914,2055.41961
Z0000,Z1903,2304.42970
Z0000,Z1904,2278.91055
Z0000,Z1901,2311.43980
Z0000,Z1902,2322.55622
Z0000,Z1907,2351.02532
Z0000,Z1908,2229.30029
Z0000,Z1905,2272.47473
Z0000,Z1906,2266.71519
Z0000,Z1895,2413.28706
Z0000,Z1896,2345.87757
Z0000,Z1893,2790.58185
Z0000,Z1894,2362.55113
Z0000,Z1899,2319.25976
Z0000,Z1900,2330.38845
Z0000,Z1897,2327.23663
Z0000,Z1898,2337.32803
Z0000,Z1887,2184.68522
Z0000,Z1888,2180.74558
Z0000,Z1884,2369.94563
Z0000,Z1885,2351.10653
Z0000,Z1891,2684.39898
Z0000,Z1892,2767.02304
Z0000,Z1889,2107.93440
Z0000,Z1890,2188.77912
Z0000,Z1946,1025.12428
Z0000,Z1947,984.16307
Z0000,Z1943,1711.65186
Z0000,Z1944,1170.41850
Z0000,Z1950,1372.31642
Z0000,Z1951,1394.21968
Z0000,Z1948,1407.11740
Z0000,Z1949,1366.50838
Z0000,Z1937,785.86491
Z0000,Z1938,1571.91596
Z0000,Z1935,763.25211
Z0000,Z1936,773.62219
Z0000,Z1941,1707.24084
Z0000,Z1942,1702.98665
Z0000,Z1939,1668.98719
Z0000,Z1940,1603.41134
Z0000,Z1928,1166.91805
Z0000,Z1929,1295.83640
Z0000,Z1926,1221.17051
Z0000,Z1927,691.11861
Z0000,Z1933,948.92636
Z0000,Z1934,895.30430
Z0000,Z1931,1298.77564
Z0000,Z1932,791.30544
Z0000,Z1919,2262.73089
Z0000,Z1920,2273.34552
Z0000,Z1917,2148.54158
Z0000,Z1918,2311.65183
Z0000,Z1924,2283.63488
Z0000,Z1925,2081.51633
Z0000,Z1922,2292.60060
Z0000,Z1923,2199.07222
Z0000,Z1843,902.94998
Z0000,Z1844,884.02195
Z0000,Z1841,887.50791
Z0000,Z1842,944.56767
Z0000,Z1847,742.74597
Z0000,Z1848,531.98608
Z0000,Z1845,901.13747
Z0000,Z1846,874.03015
Z0000,Z1835,1443.86879
Z0000,Z1836,1466.63008
Z0000,Z1833,1455.40436
Z0000,Z1834,1460.29744
Z0000,Z1839,1205.30338
Z0000,Z1840,934.14387
Z0000,Z1837,1173.65124
Z0000,Z1838,696.25535
Z0000,Z1827,1437.55173
Z0000,Z1828,1461.25427
Z0000,Z1824,1329.49458
Z0000,Z1826,1448.07907
Z0000,Z1831,1494.86743
Z0000,Z1832,1502.63706
Z0000,Z1829,1468.99809
Z0000,Z1830,1452.70236
Z0000,Z1818,1159.37120
Z0000,Z1819,1264.53715
Z0000,Z1816,1229.95092
Z0000,Z1817,1223.01134
Z0000,Z1822,1453.40590
Z0000,Z1823,1326.05305
Z0000,Z1820,1273.69886
Z0000,Z1821,1656.78170
Z0000,Z1878,2582.46417
Z0000,Z1879,2238.06833
Z0000,Z1876,1915.99665
Z0000,Z1877,2605.35788
Z0000,Z1882,2245.58034
Z0000,Z1883,2285.67893
Z0000,Z1880,2235.71193
Z0000,Z1881,2269.25094
Z0000,Z1870,1890.13660
Z0000,Z1871,1759.14605
Z0000,Z1868,2011.55909
Z0000,Z1869,1774.91933
Z0000,Z1874,2096.53434
Z0000,Z1875,2040.17759
Z0000,Z1872,1919.01773
Z0000,Z1873,1830.23535
Z0000,Z1859,2273.23366
Z0000,Z1861,2411.93791
Z0000,Z1857,2223.14379
Z0000,Z1858,2275.01622
Z0000,Z1866,1818.70648
Z0000,Z1867,2009.24302
Z0000,Z1864,1976.05560
Z0000,Z1865,1971.41747
Z0000,Z1851,2231.35639
Z0000,Z1852,2234.94226
Z0000,Z1849,1612.96376
Z0000,Z1850,2211.45734
Z0000,Z1855,2257.84975
Z0000,Z1856,2256.90842
Z0000,Z1853,2254.44278
Z0000,Z1854,2278.48870
Z0000,Z1983,2054.79640
Z0000,Z1985,1459.88049
Z0000,Z1981,2036.21803
Z0000,Z1982,1797.86527
Z0000,Z1986,1462.92578
Z0000,Z1987,1780.32444
Z0000,Z1975,414.59109
Z0000,Z1976,529.77774
Z0000,Z1973,520.25888
Z0000,Z1974,467.73709
Z0000,Z1979,361.71192
Z0000,Z1980,102.60334
Z0000,Z1977,129.38462
Z0000,Z1978,1642.71379
Z0000,Z1963,1853.09259
Z0000,Z1965,1506.53245
Z0000,Z1961,1862.66690
Z0000,Z1962,1942.75858
Z0000,Z1971,1262.24109
Z0000,Z1972,2330.60791
Z0000,Z1968,1344.42597
Z0000,Z1970,785.41228
Z0000,Z1954,1501.46380
Z0000,Z1955,1783.98177
Z0000,Z1952,1453.27568
Z0000,Z1953,1494.52138
Z0000,Z1958,1816.42388
Z0000,Z1960,1784.17247
Z0000,Z1956,1781.44089
Z0000,Z1957,1796.28858
Z0000,Z0090,256.63128
Z0000,Z0091,2076.70554
Z0000,Z0088,1787.26133
Z0000,Z0089,192.84122
Z0000,Z0094,1902.06438
Z0000,Z0095,1931.63448
Z0000,Z0092,1817.45302
Z0000,Z0093,1755.06979
Z0000,Z0082,1946.74776
Z0000,Z0083,1910.34984
Z0000,Z0080,661.42981
Z0000,Z0081,1906.80252
Z0000,Z0086,69.12917
Z0000,Z0087,1879.48473
Z0000,Z0084,1917.97273
Z0000,Z0085,1951.39864
Z0000,Z0074,347.38186
Z0000,Z0075,408.74741
Z0000,Z0072,389.30702
Z0000,Z0073,337.77513
Z0000,Z0078,2208.87695
Z0000,Z0079,866.82329
Z0000,Z0076,438.60318
Z0000,Z0077,207.24244
Z0000,Z0066,297.78610
Z0000,Z0067,1907.46211
Z0000,Z0064,523.01915
Z0000,Z0065,591.34820
Z0000,Z0070,1411.81982
Z0000,Z0071,1043.84447
Z0000,Z0068,1262.81274
Z0000,Z0069,737.22981
Z0000,Z0122,402.65914
Z0000,Z0123,659.27970
Z0000,Z0120,286.68951
Z0000,Z0121,356.04830
Z0000,Z0126,275.89250
Z0000,Z0127,567.42689
Z0000,Z0124,1216.67126
Z0000,Z0125,306.29506
Z0000,Z0114,1747.64298
Z0000,Z0115,1813.78631
Z0000,Z0112,1683.69604
Z0000,Z0113,1732.31203
Z0000,Z0118,1983.34145
Z0000,Z0119,283.73100
Z0000,Z0116,1815.91157
Z0000,Z0117,1869.43853
Z0000,Z0106,1865.34234
Z0000,Z0107,1881.01496
Z0000,Z0104,1953.79106
Z0000,Z0105,1802.82789
Z0000,Z0110,1868.25709
Z0000,Z0111,1820.45062
Z0000,Z0108,1901.79166
Z0000,Z0109,1928.09080
Z0000,Z0098,1731.70998
Z0000,Z0099,1708.25181
Z0000,Z0096,1901.37902
Z0000,Z0097,1957.75331
Z0000,Z0102,2063.78753
Z0000,Z0103,2160.21844
Z0000,Z0100,1684.14702
Z0000,Z0101,1643.85176
Z0000,Z0026,1148.80064
Z0000,Z0027,977.49238
Z0000,Z0024,656.44090
Z0000,Z0025,652.86137
Z0000,Z0030,1075.92165
Z0000,Z0031,1496.92281
Z0000,Z0028,2223.18579
Z0000,Z0029,2274.00963
Z0000,Z0018,494.30606
Z0000,Z0019,412.64224
Z0000,Z0016,511.50630
Z0000,Z0017,513.00232
Z0000,Z0022,725.17626
Z0000,Z0023,583.68948
Z0000,Z0020,725.04079
Z0000,Z0021,723.65182
Z0000,Z0010,899.24594
Z0000,Z0011,897.65705
Z0000,Z0008,1616.60243
Z0000,Z0009,340.63260
Z0000,Z0014,2288.00646
Z0000,Z0015,649.82903
Z0000,Z0012,806.83064
Z0000,Z0013,803.87978
Z0000,Z0002,1463.66861
Z0000,Z0003,1617.08666
Z0000,Z0000,0.00000
Z0000,Z0001,1053.14262
Z0000,Z0006,1913.58190
Z0000,Z0007,1534.24973
Z0000,Z0004,2317.85618
Z0000,Z0005,1613.23305
Z0000,Z0058,1494.11461
Z0000,Z0059,1553.70102
Z0000,Z0056,1494.66841
Z0000,Z0057,1508.99345
Z0000,Z0062,698.96856
Z0000,Z0063,425.69635
Z0000,Z0060,1889.10585
Z0000,Z0061,649.35158
Z0000,Z0050,1324.00352
Z0000,Z0051,1299.71404
Z0000,Z0048,1439.85480
Z0000,Z0049,1349.08730
Z0000,Z0054,1438.18313
Z0000,Z0055,1471.77504
Z0000,Z0052,1406.02608
Z0000,Z0053,1408.45612
Z0000,Z0042,1805.34259
Z0000,Z0043,1920.68436
Z0000,Z0040,664.67080
Z0000,Z0041,1588.13432
Z0000,Z0046,1864.50315
Z0000,Z0047,1854.92190
Z0000,Z0044,1891.30448
Z0000,Z0045,1904.99982
Z0000,Z0034,247.85394
Z0000,Z0035,143.38385
Z0000,Z0032,1884.30476
Z0000,Z0033,975.32396
Z0000,Z0038,594.45343
Z0000,Z0039,599.28020
Z0000,Z0036,2075.63397
Z0000,Z0037,809.66134
Z0000,Z0218,1431.63342
Z0000,Z0219,1445.53730
Z0000,Z0216,1625.21340
Z0000,Z0217,1401.08937
Z0000,Z0222,1513.50570
Z0000,Z0223,1291.21382
Z0000,Z0220,1582.24233
Z0000,Z0221,1551.02391
Z0000,Z0210,1775.78494
Z0000,Z0211,1782.49522
Z0000,Z0208,1386.25972
Z0000,Z0209,1698.88695
Z0000,Z0214,1854.12990
Z0000,Z0215,1549.83529
Z0000,Z0212,1810.09633
Z0000,Z0213,2020.61109
Z0000,Z0202,1098.31849
Z0000,Z0203,1102.39733
Z0000,Z0200,1116.02614
Z0000,Z0201,1160.49694
Z0000,Z0206,1157.60390
Z0000,Z0207,1051.37334
Z0000,Z0204,905.28709
Z0000,Z0205,697.88278
Z0000,Z0194,440.45366
Z0000,Z0195,237.29594
Z0000,Z0192,516.70905
Z0000,Z0193,567.23103
Z0000,Z0198,297.46387
Z0000,Z0199,1018.63281
Z0000,Z0196,326.62751
Z0000,Z0197,317.28360
Z0000,Z0250,1565.34697
Z0000,Z0251,358.22412
Z0000,Z0248,1329.53366
Z0000,Z0249,391.32060
Z0000,Z0254,1435.41643
Z0000,Z0255,1313.21974
Z0000,Z0252,1397.49998
Z0000,Z0253,1565.47097
Z0000,Z0242,899.66030
Z0000,Z0243,805.78869
Z0000,Z0240,1177.31237
Z0000,Z0241,1329.99449
Z0000,Z0246,1391.99984
Z0000,Z0247,1394.60189
Z0000,Z0244,805.54928
Z0000,Z0245,834.44426
Z0000,Z0234,1231.42472
Z0000,Z0235,1231.35741
Z0000,Z0232,1307.73394
Z0000,Z0233,1317.27228
Z0000,Z0238,1174.09760
Z0000,Z0239,1155.05082
Z0000,Z0236,1344.00358
Z0000,Z0237,1133.47273
Z0000,Z0226,1232.06862
Z0000,Z0227,1216.50641
Z0000,Z0224,1250.88284
Z0000,Z0225,1258.62865
Z0000,Z0230,1263.35596
Z0000,Z0231,1289.75210
Z0000,Z0228,1240.15144
Z0000,Z0229,1214.60737
Z0000,Z0154,1665.36959
Z0000,Z0155,1703.35417
Z0000,Z0152,1760.87057
Z0000,Z0153,1699.80923
Z0000,Z0158,1766.21035
Z0000,Z0159,1739.11895
Z0000,Z0156,1694.29803
Z0000,Z0157,1747.08786
Z0000,Z0146,432.34895
Z0000,Z0147,539.27976
Z0000,Z0144,180.63636
Z0000,Z0145,284.43693
Z0000,Z0150,1625.41242
Z0000,Z0151,1796.16563
Z0000,Z0148,606.62309
Z0000,Z0149,1652.40464
Z0000,Z0138,906.69234
Z0000,Z0139,896.75167
Z0000,Z0136,831.77178
Z0000,Z0137,897.78738
Z0000,Z0142,877.04485
Z0000,Z0143,283.34634
Z0000,Z0140,1005.20767
Z0000,Z0141,769.91445
Z0000,Z0130,1065.96869
Z0000,Z0131,91.80507
Z0000,Z0128,1064.62389
Z0000,Z0129,1065.17389
Z0000,Z0134,475.19879
Z0000,Z0135,697.93863
Z0000,Z0132,194.43825
Z0000,Z0133,273.21850
Z0000,Z0186,1552.86718
Z0000,Z0187,1554.92331
Z0000,Z0184,1500.71629
Z0000,Z0185,1717.60956
Z0000,Z0190,567.77952
Z0000,Z0191,495.38012
Z0000,Z0188,1383.56752
Z0000,Z0189,712.76450
Z0000,Z0178,1585.34385
Z0000,Z0179,1602.81365
Z0000,Z0176,2316.37972
Z0000,Z0177,1670.18111
Z0000,Z0182,1476.38587
Z0000,Z0183,1530.56985
Z0000,Z0180,1587.99374
Z0000,Z0181,1634.11719
Z0000,Z0170,2070.11347
Z0000,Z0171,2098.68127
Z0000,Z0168,1893.79838
Z0000,Z0169,1932.01406
Z0000,Z0174,2033.31703
Z0000,Z0175,2288.33789
Z0000,Z0172,2257.73156
Z0000,Z0173,1985.19638
Z0000,Z0162,823.46252
Z0000,Z0163,833.80841
Z0000,Z0160,1707.42633
Z0000,Z0161,1699.78072
Z0000,Z0166,1776.61317
Z0000,Z0167,1900.04884
Z0000,Z0164,882.25873
Z0000,Z0165,785.00174
Z0000,Z0346,2136.37747
Z0000,Z0347,2089.68506
Z0000,Z0344,2029.98999
Z0000,Z0345,2200.99576
Z0000,Z0350,198.52139
Z0000,Z0351,190.42036
Z0000,Z0348,157.22306
Z0000,Z0349,137.93641
Z0000,Z0338,1996.52485
Z0000,Z0339,1973.95311
Z0000,Z0336,2206.55055
Z0000,Z0337,2254.45021
Z0000,Z0342,1891.75182
Z0000,Z0343,2326.64848
Z0000,Z0340,1922.94174
Z0000,Z0341,1917.03018
Z0000,Z0330,884.67283
Z0000,Z0331,935.28358
Z0000,Z0328,930.99937
Z0000,Z0329,902.49948
Z0000,Z0334,2138.36051
Z0000,Z0335,2164.12546
Z0000,Z0332,2113.31835
Z0000,Z0333,2079.39278
Z0000,Z0322,1042.58657
Z0000,Z0323,993.14009
Z0000,Z0320,1003.04728
Z0000,Z0321,968.94676
Z0000,Z0326,933.61184
Z0000,Z0327,917.18451
Z0000,Z0324,973.29437
Z0000,Z0325,950.55925
Z0000,Z0378,2409.86893
Z0000,Z0379,2379.16505
Z0000,Z0376,2340.39738
Z0000,Z0377,2429.53274
Z0000,Z0382,2390.11167
Z0000,Z0383,2356.05219
Z0000,Z0380,2362.65351
Z0000,Z0381,2349.03900
Z0000,Z0370,2339.11781
Z0000,Z0371,2388.45050
Z0000,Z0368,2283.12233
Z0000,Z0369,2333.29850
Z0000,Z0374,2369.44119
Z0000,Z0375,2398.81712
Z0000,Z0372,2338.36125
Z0000,Z0373,2366.77829
Z0000,Z0362,2147.74034
Z0000,Z0363,2170.99005
Z0000,Z0360,2082.82590
Z0000,Z0361,2087.95115
Z0000,Z0366,2274.00506
Z0000,Z0367,2249.43761
Z0000,Z0364,2211.29986
Z0000,Z0365,2228.44500
Z0000,Z0354,378.11375
Z0000,Z0355,467.73327
Z0000,Z0352,103.67597
Z0000,Z0353,120.94570
Z0000,Z0358,2207.64694
Z0000,Z0359,2115.33578
Z0000,Z0356,188.61898
Z0000,Z0357,2169.14026
Z0000,Z0282,1108.60463
Z0000,Z0283,1173.29716
Z0000,Z0280,1235.93180
Z0000,Z0281,1185.00784
Z0000,Z0286,1160.28026
Z0000,Z0287,1193.52911
Z0000,Z0284,1124.19452
Z0000,Z0285,1131.17397
Z0000,Z0274,1299.64230
Z0000,Z0275,1324.47487
Z0000,Z0272,1331.21484
Z0000,Z0273,1344.71302
Z0000,Z0278,1269.96425
Z0000,Z0279,1223.14245
Z0000,Z0276,1304.98383
Z0000,Z0277,1333.06419
Z0000,Z0266,1506.88964
Z0000,Z0267,1533.76466
Z0000,Z0264,1449.56507
Z0000,Z0265,1506.38094
Z0000,Z0270,1559.35469
Z0000,Z0271,1313.63538
Z0000,Z0268,1553.22632
Z0000,Z0269,1566.89227
Z0000,Z0258,1490.95446
Z0000,Z0259,1508.19921
Z0000,Z0256,1346.34148
Z0000,Z0257,1455.93146
Z0000,Z0262,1398.12986
Z0000,Z0263,1454.16857
Z0000,Z0260,1491.65567
Z0000,Z0261,1406.17857
Z0000,Z0314,1391.50022
Z0000,Z0315,1362.22081
Z0000,Z0312,1266.58941
Z0000,Z0313,1304.25809
Z0000,Z0318,965.83995
Z0000,Z0319,979.86350
Z0000,Z0316,1282.20135
Z0000,Z0317,943.76224
Z0000,Z0306,960.15856
Z0000,Z0307,1155.54653
Z0000,Z0304,1011.02167
Z0000,Z0305,959.43791
Z0000,Z0310,1226.71102
Z0000,Z0311,1250.13078
Z0000,Z0308,1202.96453
Z0000,Z0309,1219.01546
Z0000,Z0298,746.03391
Z0000,Z0299,759.16180
Z0000,Z0296,1200.66209
Z0000,Z0297,698.60595
Z0000,Z0302,1094.12822
Z0000,Z0303,1005.30965
Z0000,Z0300,1061.63577
Z0000,Z0301,1107.67814
Z0000,Z0290,1246.63062
Z0000,Z0291,1080.50836
Z0000,Z0288,1250.81517
Z0000,Z0289,1257.94009
Z0000,Z0294,2445.41188
Z0000,Z0295,2388.61359
Z0000,Z0292,1136.44497
Z0000,Z0293,1145.41011
Z0000,Z0475,1857.50516
Z0000,Z0476,2051.60171
Z0000,Z0473,1873.55083
Z0000,Z0474,1836.32286
Z0000,Z0479,2014.47904
Z0000,Z0480,2002.69839
Z0000,Z0477,1965.58633
Z0000,Z0478,1943.54393
Z0000,Z0467,2054.43587
Z0000,Z0468,1965.68249
Z0000,Z0465,1948.82347
Z0000,Z0466,1957.36074
Z0000,Z0471,1905.31164
Z0000,Z0472,1876.38831
Z0000,Z0469,1919.11051
Z0000,Z0470,1909.89123
Z0000,Z0459,1928.67721
Z0000,Z0460,1931.71752
Z0000,Z0457,1868.11433
Z0000,Z0458,1825.31793
Z0000,Z0463,1913.65707
Z0000,Z0464,1944.35949
Z0000,Z0461,1935.13832
Z0000,Z0462,1939.93052
Z0000,Z0451,1643.78599
Z0000,Z0452,1481.73049
Z0000,Z0449,1610.66812
Z0000,Z0450,1657.50511
Z0000,Z0455,1711.48040
Z0000,Z0456,1916.87067
Z0000,Z0453,1722.89553
Z0000,Z0454,1770.89813
Z0000,Z0509,1846.01621
Z0000,Z0510,1863.56540
Z0000,Z0507,1900.72459
Z0000,Z0508,1889.69646
Z0000,Z0513,1903.75147
Z0000,Z0514,1910.47434
Z0000,Z0511,1881.19237
Z0000,Z0512,1889.88526
Z0000,Z0501,1739.03498
Z0000,Z0502,1938.02303
Z0000,Z0499,1692.42178
Z0000,Z0500,1635.20690
Z0000,Z0505,1391.69805
Z0000,Z0506,1923.20956
Z0000,Z0503,1659.26119
Z0000,Z0504,1567.95369
Z0000,Z0491,1453.42660
Z0000,Z0492,1480.89100
Z0000,Z0489,1365.92125
Z0000,Z0490,1250.17432
Z0000,Z0497,1435.68714
Z0000,Z0498,1414.81222
Z0000,Z0494,1402.85486
Z0000,Z0496,1430.17438
Z0000,Z0483,2120.07265
Z0000,Z0484,1854.74202
Z0000,Z0481,1538.14150
Z0000,Z0482,1502.44342
Z0000,Z0487,1821.73845
Z0000,Z0488,1767.24243
Z0000,Z0485,1961.67470
Z0000,Z0486,1907.10747
Z0000,Z0410,2542.48791
Z0000,Z0411,2582.63181
Z0000,Z0408,2626.80853
Z0000,Z0409,2497.93969
Z0000,Z0414,2592.83288
Z0000,Z0415,2545.01607
Z0000,Z0412,2612.42018
Z0000,Z0413,2607.30378
Z0000,Z0402,2519.95093
Z0000,Z0403,2570.80085
Z0000,Z0400,2558.68224
Z0000,Z0401,2534.37153
Z0000,Z0406,2598.16092
Z0000,Z0407,2638.17653
Z0000,Z0404,2579.94289
Z0000,Z0405,2569.77349
Z0000,Z0394,2307.97392
Z0000,Z0395,2311.83312
Z0000,Z0392,2300.83754
Z0000,Z0393,2303.80956
Z0000,Z0398,2435.97447
Z0000,Z0399,2547.77320
Z0000,Z0396,2520.09665
Z0000,Z0397,2474.63456
Z0000,Z0386,2285.44376
Z0000,Z0387,2287.70723
Z0000,Z0384,2269.62423
Z0000,Z0385,2283.84634
Z0000,Z0390,2294.88719
Z0000,Z0391,2297.60489
Z0000,Z0388,2289.43737
Z0000,Z0389,2291.42589
Z0000,Z0443,1650.28829
Z0000,Z0444,1671.23416
Z0000,Z0440,1897.93718
Z0000,Z0441,1721.24782
Z0000,Z0447,1666.69024
Z0000,Z0448,1580.46593
Z0000,Z0445,1611.74368
Z0000,Z0446,1628.47299
Z0000,Z0434,1811.94886
Z0000,Z0435,1687.91182
Z0000,Z0432,1709.12999
Z0000,Z0433,1671.34931
Z0000,Z0438,1884.45333
Z0000,Z0439,1682.34007
Z0000,Z0436,1907.63368
Z0000,Z0437,1921.98738
Z0000,Z0426,2543.20936
Z0000,Z0427,2534.70496
Z0000,Z0424,2601.74252
Z0000,Z0425,2570.71874
Z0000,Z0430,2523.29672
Z0000,Z0431,495.17449
Z0000,Z0428,2552.09652
Z0000,Z0429,2502.92047
Z0000,Z0418,2539.05758
Z0000,Z0419,2493.06882
Z0000,Z0416,2543.37421
Z0000,Z0417,2536.35012
Z0000,Z0422,2587.68739
Z0000,Z0423,2515.12518
Z0000,Z0420,2490.63942
Z0000,Z0421,2582.87436
Z0000,Z0607,2570.35981
Z0000,Z0608,2578.57718
Z0000,Z0605,2608.82482
Z0000,Z0606,2673.99571
Z0000,Z0611,568.04300
Z0000,Z0612,531.16193
Z0000,Z0609,2586.87208
Z0000,Z0610,562.22992
Z0000,Z0599,2386.44400
Z0000,Z0600,2350.23604
Z0000,Z0597,2449.38613
Z0000,Z0598,2417.03293
Z0000,Z0603,2311.13259
Z0000,Z0604,2328.84583
Z0000,Z0601,2385.01458
Z0000,Z0602,2295.75810
Z0000,Z0591,1030.69199
Z0000,Z0592,1317.82489
Z0000,Z0589,897.27350
Z0000,Z0590,954.45206
Z0000,Z0595,1637.23199
Z0000,Z0596,1599.04996
Z0000,Z0593,1423.08593
Z0000,Z0594,1458.75621
Z0000,Z0583,1182.93931
Z0000,Z0584,1214.45054
Z0000,Z0581,1274.77297
Z0000,Z0582,1209.39986
Z0000,Z0587,1198.65787
Z0000,Z0588,1239.35540
Z0000,Z0585,1157.82433
Z0000,Z0586,1180.65335
Z0000,Z0640,855.56923
Z0000,Z0641,836.14655
Z0000,Z0638,1112.89547
Z0000,Z0639,823.92613
Z0000,Z0644,1267.10180
Z0000,Z0645,502.93685
Z0000,Z0642,2497.45043
Z0000,Z0643,2182.97269
Z0000,Z0632,1240.50614
Z0000,Z0633,1261.46866
Z0000,Z0630,1255.93291
Z0000,Z0631,1235.20883
Z0000,Z0636,1133.52015
Z0000,Z0637,1121.79615
Z0000,Z0634,1168.39813
Z0000,Z0635,1143.81951
Z0000,Z0624,1367.53594
Z0000,Z0625,1318.76799
Z0000,Z0622,1383.33138
Z0000,Z0623,1342.84773
Z0000,Z0628,1277.13492
Z0000,Z0629,1250.89935
Z0000,Z0626,1291.84243
Z0000,Z0627,1249.76743
Z0000,Z0616,2104.22874
Z0000,Z0617,2102.99763
Z0000,Z0614,2082.33636
Z0000,Z0615,2091.90963
Z0000,Z0620,2406.47842
Z0000,Z0621,1407.23501
Z0000,Z0618,2024.40132
Z0000,Z0619,1876.25975
Z0000,Z0542,1392.73386
Z0000,Z0543,1360.60055
Z0000,Z0540,1430.47206
Z0000,Z0541,1405.66461
Z0000,Z0546,1300.03273
Z0000,Z0547,1209.97909
Z0000,Z0544,1262.56212
Z0000,Z0545,1348.22758
Z0000,Z0534,2261.54508
Z0000,Z0535,2290.31111
Z0000,Z0532,2024.44659
Z0000,Z0533,2360.14459
Z0000,Z0538,1394.75312
Z0000,Z0539,1411.58139
Z0000,Z0536,2299.87068
Z0000,Z0537,2353.99468
Z0000,Z0526,2133.85804
Z0000,Z0527,2154.44997
Z0000,Z0524,2095.70816
Z0000,Z0525,2114.23235
Z0000,Z0530,2234.92741
Z0000,Z0531,2236.59610
Z0000,Z0528,2173.21696
Z0000,Z0529,2191.37901
Z0000,Z0517,2058.98287
Z0000,Z0518,2077.00047
Z0000,Z0515,128.83493
Z0000,Z0516,2050.86821
Z0000,Z0521,1998.07372
Z0000,Z0523,2076.39998
Z0000,Z0519,2048.17795
Z0000,Z0520,2022.95515
Z0000,Z0575,1202.29345
Z0000,Z0576,1219.44551
Z0000,Z0573,1384.44514
Z0000,Z0574,1253.47806
Z0000,Z0579,1131.27275
Z0000,Z0580,1121.32892
Z0000,Z0577,1189.32948
Z0000,Z0578,1148.53699
Z0000,Z0567,1628.94043
Z0000,Z0568,1546.43346
Z0000,Z0565,1727.54546
Z0000,Z0566,1743.11285
Z0000,Z0571,1371.05841
Z0000,Z0572,1343.63344
Z0000,Z0569,1451.62382
Z0000,Z0570,1608.70034
Z0000,Z0559,1997.99985
Z0000,Z0560,1968.76812
Z0000,Z0557,1682.96608
Z0000,Z0558,1598.15578
Z0000,Z0563,1810.39044
Z0000,Z0564,1644.64931
Z0000,Z0561,1986.13355
Z0000,Z0562,1934.07405
Z0000,Z0551,1148.52364
Z0000,Z0552,1308.44658
Z0000,Z0549,1173.94030
Z0000,Z0550,1196.68958
Z0000,Z0555,1343.39704
Z0000,Z0556,1730.45009
Z0000,Z0553,1404.00113
Z0000,Z0554,1376.27790
Z0000,Z0737,1588.81317
Z0000,Z0738,2273.66189
Z0000,Z0734,1641.84810
Z0000,Z0736,1607.02007
Z0000,Z0741,1881.03657
Z0000,Z0742,1735.70552
Z0000,Z0739,2145.33273
Z0000,Z0740,2206.22603
Z0000,Z0728,1847.39304
Z0000,Z0729,1822.22248
Z0000,Z0726,1770.02258
Z0000,Z0727,1842.12996
Z0000,Z0732,1595.87260
