Name,Xcoord,Ycoord,ZoneID,Building Type
Z0000,682475,247571,0,Mixed-Use-Residential
Z0001,682524,246430,1,Supermarket
Z0002,682520,246114,2,Mixed-Use-Residential
Z0003,682254,245995,3,Residential
Z0004,680788,245998,4,Residential
Z0005,681719,246107,5,Supermarket
Z0006,681422,246018,6,Supermarket
Z0007,681255,246669,7,Mixed-Use-Residential
Z0008,681263,246521,8,Mixed-Use-Residential
Z0009,682126,247677,9,Office
Z0010,681632,247975,10,Residential
Z0011,681743,248002,11,Mixed-Use-Residential
Z0012,681794,247993,12,Mixed-Use-Residential
Z0013,681743,247892,13,Mixed-Use-Residential
Z0014,681314,245643,14,Office
Z0015,681904,247827,15,Residential
Z0016,682358,248124,16,Mixed-Use-Residential
Z0017,682376,248077,17,Gym
Z0018,682399,248073,18,Supermarket
Z0019,682540,247211,19,Mixed-Use-Residential
Z0020,681809,247889,20,Residential
Z0021,681838,247930,21,Mixed-Use-Residential
Z0022,681859,247938,22,Gym
Z0023,681970,247805,23,Mixed-Use-Residential
Z0024,681903,247917,24,Mixed-Use-Residential
Z0025,681924,247896,25,Industry
Z0026,681303,247498,26,Mixed-Use-Residential
Z0027,681623,247113,27,Mixed-Use-Residential
Z0028,680256,247738,28,Residential
Z0029,680233,247786,29,Residential
Z0030,681533,247077,30,Residential
Z0031,681041,247201,31,Residential
Z0032,681391,246058,32,Office
Z0033,682112,246652,33,Supermarket
Z0034,682268,247679,34,Gym
Z0035,682343,247579,35,Auditorium
Z0036,681729,245673,36,No Occupancy
Z0037,681795,248026,37,No Occupancy
Z0038,682036,247957,38,School
Z0039,682007,247918,39,No Occupancy
Z0040,682030,248066,40,School
Z0041,682025,246081,41,Mixed-Use-Residential
Z0042,682187,245814,42,Residential
Z0043,682285,245663,43,Residential
Z0044,682271,245699,44,Residential
Z0045,682245,245722,45,Residential
Z0046,682354,245726,46,Residential
Z0047,682316,245739,47,Mixed-Use-Residential
Z0048,681615,246458,48,Supermarket
Z0049,681675,246524,49,Supermarket
Z0050,681627,246582,50,Supermarket
Z0051,681660,246568,51,Mixed-Use-Residential
Z0052,681660,246416,52,Mixed-Use-Residential
Z0053,681577,246499,53,Residential
Z0054,681544,246497,54,Residential
Z0055,681516,246476,55,Residential
Z0056,681535,246422,56,Residential
Z0057,681544,246398,57,Residential
Z0058,681613,246360,58,Auditorium
Z0059,681577,246320,59,Gym
Z0060,680961,246479,60,24-Hour-Use
Z0061,681936,247287,61,Gym
Z0062,681765,247562,62,Gym
Z0063,682107,247761,63,School
Z0064,682006,247775,64,Mixed-Use-Residential
Z0065,681938,247735,65,School
Z0066,682255,247738,66,Supermarket
Z0067,681917,245796,67,Supermarket
Z0068,682441,246319,68,Auditorium
Z0069,681764,247627,69,Office
Z0070,681065,247570,70,School
Z0071,681439,247837,71,Residential
Z0072,682205,247855,72,Office
Z0073,682448,247906,73,Supermarket
Z0074,682384,247879,74,Supermarket
Z0075,682371,247950,75,Office
Z0076,682500,247993,76,Office
Z0077,682547,247786,77,24-Hour-Use
Z0078,680399,246906,78,School
Z0079,681947,246911,79,Residential
Z0080,682053,247134,80,Residential
Z0081,682377,245676,81,Residential
Z0082,682373,245640,82,Residential
Z0083,682349,245677,83,Residential
Z0084,682325,245669,84,Residential
Z0085,682329,245628,85,Residential
Z0086,682532,247634,86,Supermarket
Z0087,681861,245801,87,Supermarket
Z0088,681905,245916,88,Supermarket
Z0089,682304,247475,89,Mixed-Use-Residential
Z0090,682247,247505,90,Gym
Z0091,680948,246160,91,Supermarket
Z0092,681171,246297,92,Supermarket
Z0093,681208,246369,93,Supermarket
Z0094,681112,246306,94,Supermarket
Z0095,681129,246251,95,Supermarket
Z0096,681056,246347,96,Supermarket
Z0097,680992,246328,97,Supermarket
Z0098,681210,246413,98,Supermarket
Z0099,681337,246343,99,Supermarket
Z0100,681304,246410,100,Supermarket
Z0101,681393,246376,101,Supermarket
Z0102,680881,246267,102,Office
Z0103,680951,246032,103,Supermarket
Z0104,681121,246215,104,Supermarket
Z0105,681309,246259,105,Office
Z0106,681195,246252,106,Gym
Z0107,681193,246228,107,Gym
Z0108,681140,246231,108,Industry
Z0109,681157,246176,109,Supermarket
Z0110,681223,246201,110,Gym
Z0111,681288,246227,111,Supermarket
Z0112,681361,246303,112,Supermarket
Z0113,681381,246239,113,Supermarket
Z0114,681400,246175,114,Supermarket
Z0115,681346,246175,115,Gym
Z0116,681361,246158,116,Gym
Z0117,681250,246170,117,Industry
Z0118,681148,246124,118,Supermarket
Z0119,682217,247506,119,Office
Z0120,682197,247554,120,Mixed-Use-Residential
Z0121,682239,247353,121,Office
Z0122,682159,247341,122,Office
Z0123,682199,246973,123,No Occupancy
Z0124,682192,246311,124,Mixed-Use-Residential
Z0125,682274,247372,125,Auditorium
Z0126,682321,247313,126,Mixed-Use-Residential
Z0127,682443,247005,127,Auditorium
Z0128,681489,247907,128,Residential
Z0129,681484,247963,129,Residential
Z0130,681439,247920,130,Residential
Z0131,682479,247486,131,Mixed-Use-Residential
Z0132,682321,247530,132,Mixed-Use-Residential
Z0133,682243,247485,133,Mixed-Use-Residential
Z0134,682021,247578,134,Auditorium
Z0135,681819,247590,135,Mixed-Use-Residential
Z0136,681681,247717,136,Office
Z0137,681598,247780,137,Supermarket
Z0138,681635,247842,138,Residential
Z0139,681634,247928,139,Residential
Z0140,682216,246571,140,School
Z0141,682419,246810,141,School
Z0142,682432,246688,142,School
Z0143,682322,247359,143,Residential
Z0144,682475,247368,144,Office
Z0145,682391,247324,145,Office
Z0146,682167,247307,146,Residential
Z0147,682027,247225,147,Supermarket
Z0148,681936,247630,148,Supermarket
Z0149,682296,245930,149,Residential
Z0150,682291,245959,150,Residential
Z0151,682293,245865,151,Residential
Z0152,682241,245821,152,Residential
Z0153,682254,245883,153,Mixed-Use-Residential
Z0154,682272,245938,154,Residential
Z0155,682201,245925,155,Residential
Z0156,682163,245913,156,Residential
Z0157,682198,245848,157,Mixed-Use-Residential
Z0158,682176,245841,158,Residential
Z0159,682103,245883,159,Residential
Z0160,682124,245901,160,Mixed-Use-Residential
Z0161,682309,245883,161,Mixed-Use-Residential
Z0162,682193,246805,162,Residential
Z0163,682233,246787,163,Residential
Z0164,682216,246737,164,Residential
Z0165,682258,246820,165,Residential
Z0166,680807,248049,166,Residential
Z0167,680580,247980,167,Residential
Z0168,680677,248022,168,Residential
Z0169,680621,248035,169,Residential
Z0170,680472,248024,170,Residential
Z0171,680441,248004,171,Residential
Z0172,680272,247969,172,Residential
Z0173,680537,248005,173,Residential
Z0174,680522,248000,174,Office
Z0175,680240,247989,175,Residential
Z0176,680199,248032,176,Residential
Z0177,680871,248015,177,Mixed-Use-Residential
Z0178,680917,247958,178,Supermarket
Z0179,680947,247987,179,Supermarket
Z0180,680957,247972,180,Gym
Z0181,680866,247901,181,Residential
Z0182,681077,247921,182,Supermarket
Z0183,680985,247920,183,Industry
Z0184,681029,247969,184,Supermarket
Z0185,680801,247992,185,Residential
Z0186,680995,247863,186,Residential
Z0187,680960,247832,187,Industry
Z0188,681127,247912,188,Residential
Z0189,681862,247276,189,Supermarket
Z0190,681989,247342,190,Residential
Z0191,681991,247511,191,Mixed-Use-Residential
Z0192,681979,247543,192,Supermarket
Z0193,681959,247606,193,Office
Z0194,682072,247665,194,Supermarket
Z0195,682260,247636,195,Office
Z0196,682173,247530,196,Supermarket
Z0197,682188,247468,197,Residential
Z0198,682223,247468,198,Mixed-Use-Residential
Z0199,682081,246667,199,Supermarket
Z0200,682103,246542,200,Supermarket
Z0201,682087,246494,201,Mixed-Use-Residential
Z0202,682061,246557,202,Supermarket
Z0203,682041,246635,203,Office
Z0204,682137,246726,204,Residential
Z0205,681921,247235,205,Mixed-Use-Residential
Z0206,681425,247970,206,Residential
Z0207,681546,248010,207,Residential
Z0208,681215,248056,208,Residential
Z0209,680794,247594,209,Auditorium
Z0210,680741,247908,210,Office
Z0211,680755,247962,211,Supermarket
Z0212,680714,247937,212,Gym
Z0213,680471,247773,213,Auditorium
Z0214,680677,247930,214,Auditorium
Z0215,680961,247759,215,Auditorium
Z0216,680871,247467,216,Auditorium
Z0217,681163,248014,217,Mixed-Use-Residential
Z0218,681108,247958,218,Mixed-Use-Residential
Z0219,681135,248041,219,Residential
Z0220,681000,248032,220,Supermarket
Z0221,681034,248074,221,Mixed-Use-Residential
Z0222,681074,248054,222,Supermarket
Z0223,681290,248056,223,Mixed-Use-Residential
Z0224,681346,248063,224,Industry
Z0225,681321,248044,225,Hospitality
Z0226,681362,248052,226,Hospitality
Z0227,681357,248009,227,Mixed-Use-Residential
Z0228,681337,248023,228,Industry
Z0229,681330,247992,229,Mixed-Use-Residential
Z0230,681305,248009,230,Residential
Z0231,681281,248014,231,Residential
Z0232,681264,248028,232,Mixed-Use-Residential
Z0233,681262,248008,233,Residential
Z0234,681318,247946,234,Residential
Z0235,681321,247914,235,Industry
Z0236,681188,247944,236,Mixed-Use-Residential
Z0237,681391,247781,237,Mixed-Use-Residential
Z0238,681386,247809,238,Mixed-Use-Residential
Z0239,681383,247881,239,Mixed-Use-Residential
Z0240,681364,247863,240,Mixed-Use-Residential
Z0241,681215,247937,241,Mixed-Use-Residential
Z0242,681724,248122,242,Residential
Z0243,681746,247871,243,Mixed-Use-Residential
Z0244,681734,247832,244,Office
Z0245,681701,247835,245,School
Z0246,681133,247686,246,Residential
Z0247,681102,247721,247,School
Z0248,681170,247742,248,Residential
Z0249,682125,247721,249,Auditorium
Z0250,681839,246139,250,Mixed-Use-Residential
Z0251,682148,247443,251,Supermarket
Z0252,681089,247397,252,Residential
Z0253,680928,247388,253,Residential
Z0254,681041,247427,254,Residential
Z0255,681195,247440,255,Residential
Z0256,681199,247320,256,Residential
Z0257,681084,247343,257,Mixed-Use-Residential
Z0258,681037,247375,258,Residential
Z0259,681000,247350,259,Mixed-Use-Residential
Z0260,681019,247344,260,Mixed-Use-Residential
Z0261,681074,247285,261,Residential
Z0262,681132,247256,262,Residential
Z0263,681098,247215,263,Residential
Z0264,681097,247182,264,Industry
Z0265,681017,247296,265,Residential
Z0266,681031,247264,266,Residential
Z0267,680987,247264,267,Residential
Z0268,680955,247244,268,Residential
Z0269,680950,247293,269,Residential
Z0270,680952,247306,270,Residential
Z0271,681192,247673,271,Residential
Z0272,681161,247653,272,Industry
Z0273,681149,247643,273,Gym
Z0274,681193,247630,274,Mixed-Use-Residential
Z0275,681173,247631,275,Mixed-Use-Residential
Z0276,681192,247646,276,Office
Z0277,681161,247621,277,Gym
Z0278,681241,247714,278,Mixed-Use-Residential
Z0279,681248,247675,279,Residential
Z0280,681273,247699,280,Industry
Z0281,681371,247739,281,Mixed-Use-Residential
Z0282,681421,247656,282,Mixed-Use-Residential
Z0283,681366,247624,283,Mixed-Use-Residential
Z0284,681370,247610,284,Mixed-Use-Residential
Z0285,681349,247569,285,Mixed-Use-Residential
Z0286,681318,247634,286,Supermarket
Z0287,681294,247565,287,Mixed-Use-Residential
Z0288,681272,247524,288,Mixed-Use-Residential
Z0289,681233,247558,289,Mixed-Use-Residential
Z0291,681391,247559,291,School
Z0292,681357,247491,292,Mixed-Use-Residential
Z0293,681378,247468,293,Residential
Z0294,680517,246110,294,Auditorium
Z0295,680628,246101,295,Auditorium
Z0296,681276,247455,296,Residential
Z0297,681834,247722,297,Residential
Z0298,681747,247745,298,Mixed-Use-Residential
Z0299,681757,247714,299,Supermarket
Z0300,681443,247439,300,Residential
Z0301,681371,247414,301,Residential
Z0302,681409,247419,302,School
Z0303,681492,247468,303,Supermarket
Z0304,681485,247598,304,Residential
Z0305,681522,247535,305,Residential
Z0306,681546,247502,306,Industry
Z0307,681384,247352,307,Mixed-Use-Residential
Z0308,681323,247321,308,Auditorium
Z0309,681304,247277,309,Mixed-Use-Residential
Z0310,681293,247290,310,Residential
Z0311,681273,247283,311,Mixed-Use-Residential
Z0312,681280,247338,312,Residential
Z0313,681205,247237,313,Residential
Z0314,681157,247195,314,Mixed-Use-Residential
Z0315,681195,247188,315,Mixed-Use-Residential
Z0316,681210,247854,316,Mixed-Use-Residential
Z0317,681563,247660,317,Mixed-Use-Residential
Z0318,681536,247705,318,Mixed-Use-Residential
Z0319,681525,247701,319,Mixed-Use-Residential
Z0320,681502,247701,320,Mixed-Use-Residential
Z0321,681527,247680,321,Hospitality
Z0322,681438,247725,322,Mixed-Use-Residential
Z0323,681515,247634,323,Mixed-Use-Residential
Z0324,681513,247602,324,Mixed-Use-Residential
Z0325,681537,247604,325,Supermarket
Z0326,681553,247577,326,Residential
Z0327,681583,247559,327,Residential
Z0328,681558,247550,328,Hospitality
Z0329,681591,247519,329,Mixed-Use-Residential
Z0330,681612,247559,330,Mixed-Use-Residential
Z0331,681553,247610,331,Mixed-Use-Residential
Z0332,680398,247589,332,Mixed-Use-Residential
Z0333,680413,247629,333,Residential
Z0334,680357,247654,334,Residential
Z0335,680327,247676,335,Residential
Z0336,680285,247604,336,Mixed-Use-Residential
Z0337,680252,247596,337,Residential
Z0338,680496,247494,338,Residential
Z0339,680507,247474,339,Residential
Z0340,680560,247492,340,Residential
Z0341,680570,247427,341,Residential
Z0342,680613,247412,342,Residential
Z0343,680532,246333,343,Mixed-Use-Residential
Z0344,680461,247551,344,Residential
Z0345,681341,245707,345,Office
Z0346,681479,245721,346,Residential
Z0347,681542,245728,347,Residential
Z0348,682538,247736,348,Gym
Z0349,682482,247734,349,Office
Z0350,682340,247746,350,Mixed-Use-Residential
Z0351,682385,247732,351,Gym
Z0352,682404,247610,352,Mixed-Use-Residential
Z0353,682393,247626,353,Supermarket
Z0354,682266,247904,354,Mixed-Use-Residential
Z0355,682159,247906,355,Supermarket
Z0356,682347,247663,356,Mixed-Use-Residential
Z0357,680318,247502,357,Mixed-Use-Residential
Z0358,680265,247489,358,Residential
Z0359,680389,247482,359,Residential
Z0360,680425,247450,360,Residential
Z0361,680407,247476,361,Mixed-Use-Residential
Z0362,680352,247406,362,Residential
Z0363,680344,247354,363,Residential
Z0364,680299,247307,364,Residential
Z0365,680302,247260,365,Residential
Z0366,680248,247201,366,Residential
Z0367,680287,247159,367,Residential
Z0368,680271,247110,368,Residential
Z0369,680268,246855,369,Residential
Z0370,680275,246835,370,Residential
Z0371,680206,246814,371,Industry
Z0372,680289,246794,372,Residential
Z0373,680263,246786,373,Mixed-Use-Residential
Z0374,680267,246762,374,Residential
Z0375,680239,246756,375,Residential
Z0376,680295,246762,376,Residential
Z0377,680249,246615,377,Residential
Z0378,680264,246653,378,Residential
Z0379,680290,246677,379,Residential
Z0380,680275,246716,380,Residential
Z0381,680321,246689,381,Residential
Z0382,680295,246630,382,Residential
Z0383,680331,246632,383,Residential
Z0384,680301,246970,384,Mixed-Use-Residential
Z0385,680323,246919,385,Residential
Z0386,680321,246893,386,Mixed-Use-Residential
Z0387,680336,246863,387,Residential
Z0388,680314,246831,388,Residential
Z0389,680339,246810,389,Residential
Z0390,680336,246780,390,Mixed-Use-Residential
Z0391,680347,246756,391,Residential
Z0392,680357,246726,392,Mixed-Use-Residential
Z0393,680352,246701,393,Residential
Z0394,680366,246671,394,Residential
Z0395,680380,246653,395,Residential
Z0396,680284,246374,396,Residential
Z0397,680342,246349,397,Residential
Z0398,680448,246272,398,Residential
Z0399,680265,246317,399,Residential
Z0400,680284,246279,400,Residential
Z0401,680352,246233,401,Residential
Z0402,680369,246215,402,Residential
Z0403,680345,246163,403,Mixed-Use-Residential
Z0404,680313,246189,404,Residential
Z0405,680300,246220,405,Industry
Z0406,680281,246234,406,Residential
Z0407,680265,246175,407,Residential
Z0408,680296,246115,408,Residential
Z0409,680428,246161,409,Residential
Z0410,680387,246139,410,Residential
Z0411,680376,246083,411,Residential
Z0412,680349,246081,412,Residential
Z0413,680395,246037,413,Residential
Z0414,680418,246024,414,Residential
Z0415,680467,246028,415,Residential
Z0416,680445,246063,416,Residential
Z0417,680425,246093,417,Residential
Z0418,680407,246117,418,Residential
Z0419,680460,246133,419,Residential
Z0420,680516,246069,420,Residential
Z0421,680484,245957,421,Residential
Z0422,680533,245888,422,Residential
Z0423,680535,246026,423,School
Z0424,680554,245850,424,School
Z0425,680702,245728,425,Residential
Z0426,680629,245836,426,School
Z0427,680828,245659,427,Residential
Z0428,680855,245620,428,Residential
Z0429,680831,245713,429,Residential
Z0430,680886,245633,430,Residential
Z0431,682484,248079,431,School
Z0432,681763,246037,432,Office
Z0433,681804,246081,433,Supermarket
Z0434,681695,245915,434,Supermarket
Z0435,681921,245974,435,Supermarket
Z0436,681579,245899,436,Residential
Z0437,681542,245916,437,Residential
Z0438,681531,245950,438,Residential
Z0439,681602,246150,439,Gym
Z0440,681788,245816,440,Office
Z0441,681820,245998,441,Residential
Z0443,681529,246236,443,Residential
Z0444,681499,246238,444,Mixed-Use-Residential
Z0445,681486,246318,445,Industry
Z0446,681473,246301,446,Supermarket
Z0447,681462,246243,447,Supermarket
Z0448,681559,246305,448,Residential
Z0449,681534,246286,449,Residential
Z0450,681870,246042,450,Residential
Z0451,681886,246045,451,Mixed-Use-Residential
Z0453,681694,246075,453,Residential
Z0454,681764,245973,454,Office
Z0455,681656,246081,455,Gym
Z0456,681730,245809,456,Supermarket
Z0457,681668,245873,457,Mixed-Use-Residential
Z0458,681773,245907,458,Supermarket
Z0459,681654,245842,459,Mixed-Use-Residential
Z0460,681642,245847,460,Mixed-Use-Residential
Z0461,681616,245858,461,Mixed-Use-Residential
Z0462,681591,245856,462,Residential
Z0463,681597,245884,463,Residential
Z0464,681549,245876,464,Residential
Z0465,681537,245873,465,Residential
Z0466,681485,245891,466,Mixed-Use-Residential
Z0467,681583,245753,467,Mixed-Use-Residential
Z0468,681459,245902,468,Mixed-Use-Residential
Z0469,681469,245957,469,Residential
Z0470,681482,245952,470,Residential
Z0471,681509,245945,471,Residential
Z0472,681490,245987,472,Residential
Z0473,681448,246016,473,Supermarket
Z0474,681462,246072,474,Mixed-Use-Residential
Z0475,681470,246024,475,Residential
Z0476,681421,245839,476,Residential
Z0477,681409,245932,477,Mixed-Use-Residential
Z0478,681406,245971,478,Residential
Z0479,681366,245889,479,Mixed-Use-Residential
Z0480,681392,245911,480,School
Z0481,681619,246299,481,Supermarket
Z0482,681689,246297,482,Mixed-Use-Residential
Z0483,681376,245774,483,Residential
Z0484,681366,246108,484,Residential
Z0485,681255,246052,485,Residential
Z0486,681318,246085,486,Residential
Z0487,681372,246144,487,Residential
Z0488,681432,246169,488,Residential
Z0489,681713,246432,489,Residential
Z0490,681800,246559,490,Residential
Z0491,681689,246401,491,Residential
Z0492,681670,246328,492,Residential
Z0494,681830,246342,494,Industry
Z0496,681799,246329,496,Residential
Z0497,681768,246341,497,Residential
Z0498,681784,246348,498,Residential
Z0499,681545,246172,499,Residential
Z0500,681568,246224,500,Residential
Z0501,681450,246187,501,Mixed-Use-Residential
Z0502,681475,245941,502,Office
Z0503,681555,246215,503,Mixed-Use-Residential
Z0504,681645,246253,504,Supermarket
Z0505,681802,246360,505,Residential
Z0506,681527,245910,506,Industry
Z0507,681574,245916,507,Residential
Z0508,681561,245939,508,Residential
Z0509,681504,246020,509,Residential
Z0510,681590,245943,510,Residential
Z0511,681601,245911,511,Residential
Z0512,681616,245898,512,Residential
Z0513,681628,245884,513,Residential
Z0514,681641,245862,514,Residential
Z0515,682456,247702,515,Supermarket
Z0516,681190,245992,516,Residential
Z0517,681212,245969,517,Residential
Z0518,681217,245947,518,Residential
Z0519,681143,246035,519,Residential
Z0520,681165,246042,520,Residential
Z0521,681192,246062,521,Residential
Z0523,681113,246019,523,Residential
Z0524,681095,246019,524,Residential
Z0525,681082,246001,525,Residential
Z0526,681061,245990,526,Residential
Z0527,681050,245981,527,Residential
Z0528,681035,245967,528,Residential
Z0529,681022,245954,529,Residential
Z0530,680986,245920,530,Residential
Z0531,681016,245873,531,School
Z0532,681329,245920,532,Residential
Z0533,680752,245969,533,Mixed-Use-Residential
Z0534,680762,246141,534,Residential
Z0535,680825,246015,535,Residential
Z0536,680940,245884,536,Residential
Z0537,680890,245845,537,Residential
Z0538,681459,246666,538,School
Z0539,681494,246584,539,Residential
Z0540,681513,246535,540,Residential
Z0541,681537,246537,541,Residential
Z0542,681541,246561,542,Residential
Z0543,681562,246578,543,Supermarket
Z0544,681589,246692,544,Residential
Z0545,681790,246431,545,Residential
Z0546,681786,246476,546,Mixed-Use-Residential
Z0547,681852,246445,547,Office
Z0549,681765,246662,549,Mixed-Use-Residential
Z0550,681699,246679,550,Mixed-Use-Residential
Z0551,681685,246744,551,Mixed-Use-Residential
Z0552,681817,246471,552,Mixed-Use-Residential
Z0553,681757,246389,553,Mixed-Use-Residential
Z0554,681788,246393,554,Supermarket
Z0555,681817,246404,555,Residential
Z0556,681498,246139,556,Residential
Z0557,681529,246189,557,Mixed-Use-Residential
Z0558,681606,246249,558,Residential
Z0559,681340,245946,559,Residential
Z0560,681346,245977,560,Residential
Z0561,681237,246047,561,Residential
Z0562,681290,246065,562,Residential
Z0563,681430,246133,563,Residential
Z0564,681843,246062,564,Residential
Z0565,682067,245896,565,Mixed-Use-Residential
Z0566,681999,245963,566,Mixed-Use-Residential
Z0567,682317,245963,567,Residential
Z0568,682343,246041,568,Residential
Z0569,682297,246146,569,Residential
Z0570,682301,245976,570,Residential
Z0571,682210,246241,571,Mixed-Use-Residential
Z0572,682203,246258,572,Mixed-Use-Residential
Z0573,682144,246227,573,Mixed-Use-Residential
Z0574,682183,246352,574,Residential
Z0575,682188,246432,575,Residential
Z0576,682206,246399,576,Residential
Z0577,682224,246427,577,Residential
Z0578,682184,246459,578,Residential
Z0579,682206,246488,579,Residential
Z0580,682273,246484,580,Residential
Z0581,682261,246314,581,Mixed-Use-Residential
Z0582,682293,246380,582,Residential
Z0583,682148,246453,583,Residential
Z0584,682149,246420,584,Residential
Z0585,682149,246477,585,Residential
Z0586,682097,246456,586,Residential
Z0587,682116,246438,587,Residential
Z0588,682133,246388,588,Supermarket
Z0589,682262,246752,589,Mixed-Use-Residential
Z0590,682518,246605,590,Office
Z0591,682380,246560,591,School
Z0592,682344,246273,592,Residential
Z0593,682350,246154,593,Residential
Z0594,682320,246130,594,Residential
Z0595,682350,245944,595,Residential
Z0596,682296,245997,596,Mixed-Use-Residential
Z0597,680995,245618,597,Residential
Z0598,681083,245614,598,Residential
Z0599,681128,245625,599,Residential
Z0600,681157,245653,600,Residential
Z0601,681089,245654,601,Residential
Z0602,681172,245692,602,Residential
Z0603,681196,245680,603,Residential
Z0604,681205,245641,604,Residential
Z0605,680749,245628,605,Residential
Z0606,680692,245612,606,Residential
Z0607,680763,245668,607,Residential
Z0608,680788,245643,608,Residential
Z0609,680785,245612,609,Residential
Z0610,682118,247184,610,Residential
Z0611,682132,247157,611,Residential
Z0612,682256,247150,612,Mixed-Use-Residential
Z0614,681150,245986,614,Residential
Z0615,681173,245956,615,Residential
Z0616,681191,245922,616,Residential
Z0617,681215,245900,617,Residential
Z0618,681062,246127,618,Gym
Z0619,681306,246112,619,Residential
Z0620,681056,245642,620,Mixed-Use-Residential
Z0621,681370,246722,621,Residential
Z0622,681397,246722,622,Residential
Z0623,681417,246774,623,Residential
Z0624,681373,246786,624,Residential
Z0625,681450,246762,625,Residential
Z0626,681469,246753,626,Residential
Z0627,681512,246795,627,Residential
Z0628,681474,246833,628,Residential
Z0629,681548,246766,629,Residential
Z0630,681551,246744,630,Mixed-Use-Residential
Z0631,681566,246754,631,Residential
Z0632,681579,246727,632,Mixed-Use-Residential
Z0633,681568,246723,633,Residential
Z0634,681671,246762,634,Residential
Z0635,681644,246802,635,Residential
Z0636,681625,246824,636,Residential
Z0637,681648,246860,637,Residential
Z0638,681609,246880,638,Mixed-Use-Residential
Z0639,681880,247040,639,School
Z0640,681853,247018,640,No Occupancy
Z0641,681898,246983,641,School
Z0642,680561,245899,642,School
Z0643,681093,245905,643,School
Z0644,681396,246924,644,School
Z0645,682500,247073,645,Mixed-Use-Residential
Z0646,681732,247051,646,Mixed-Use-Residential
Z0647,681733,247021,647,Residential
Z0648,681704,247004,648,Gym
Z0649,681790,247046,649,Supermarket
Z0650,681836,247118,650,Residential
Z0651,681495,246866,651,Residential
Z0652,681458,246871,652,School
Z0653,681086,246959,653,Residential
Z0654,681108,246946,654,Residential
Z0655,681161,246884,655,Residential
Z0656,681204,246835,656,Residential
Z0657,681228,246813,657,Residential
Z0658,681238,246754,658,Residential
Z0659,681217,246778,659,Residential
Z0660,681186,246811,660,Residential
Z0661,681149,246840,661,Residential
Z0662,681110,246888,662,Residential
Z0663,681315,246443,663,Supermarket
Z0664,681135,246966,664,Residential
Z0665,681362,247096,665,24-Hour-Use
Z0666,681206,246095,666,Residential
Z0667,681330,245791,667,Residential
Z0668,681273,246095,668,Residential
Z0669,681012,247027,669,Residential
Z0670,681692,247146,670,Mixed-Use-Residential
Z0671,681796,247339,671,Supermarket
Z0672,681765,247248,672,School
Z0673,681751,247277,673,Mixed-Use-Residential
Z0674,681755,247181,674,Office
Z0675,681775,247235,675,Industry
Z0676,681762,247371,676,Supermarket
Z0677,682068,247397,677,Supermarket
Z0678,682057,247373,678,Office
Z0679,682069,247336,679,Mixed-Use-Residential
Z0680,682101,247437,680,Residential
Z0681,682131,247380,681,Mixed-Use-Residential
Z0682,681807,246129,682,Residential
Z0683,681773,246132,683,Residential
Z0684,681860,246230,684,Mixed-Use-Residential
Z0685,681846,246088,685,Residential
Z0686,681893,245822,686,Supermarket
Z0687,680334,247116,687,Residential
Z0688,680259,247618,688,Gym
Z0689,680295,247029,689,Mixed-Use-Residential
Z0690,680303,247074,690,Residential
Z0691,680463,247302,691,School
Z0692,680388,247172,692,Residential
Z0693,680414,247133,693,Residential
Z0694,680426,247069,694,Residential
Z0695,680403,247047,695,Industry
Z0696,680347,247185,696,Residential
Z0697,680356,247084,697,Residential
Z0698,680398,247095,698,Residential
Z0699,680339,247028,699,Residential
Z0700,680367,247236,700,Residential
Z0701,680441,247190,701,Residential
Z0702,680474,247181,702,Residential
Z0703,680587,247157,703,Auditorium
Z0704,680736,247144,704,Residential
Z0705,680632,247120,705,Residential
Z0706,680654,247086,706,Residential
Z0707,680450,247104,707,Mixed-Use-Residential
Z0708,680463,247091,708,Mixed-Use-Residential
Z0709,680496,247104,709,Residential
Z0710,680564,247066,710,Residential
Z0711,680526,247103,711,Residential
Z0712,680552,247092,712,Residential
Z0713,680601,247095,713,Residential
Z0714,680597,247078,714,Mixed-Use-Residential
Z0715,680669,247111,715,Residential
Z0716,680691,247093,716,Mixed-Use-Residential
Z0717,680699,247129,717,Residential
Z0718,680711,247090,718,Residential
Z0719,680700,247311,719,Supermarket
Z0720,680747,247304,720,Residential
Z0721,680770,247291,721,Residential
Z0722,680513,247191,722,Residential
Z0723,680464,247329,723,School
Z0725,680700,247228,725,Office
Z0726,680755,247216,726,Mixed-Use-Residential
Z0727,680695,247172,727,Residential
Z0728,680665,247393,728,Residential
Z0729,680672,247341,729,Residential
Z0730,680716,247369,730,Residential
Z0731,680862,247138,731,Mixed-Use-Residential
Z0732,680918,247312,732,Mixed-Use-Residential
Z0733,680913,247291,733,Residential
Z0734,680908,247205,734,Mixed-Use-Residential
Z0736,680883,247374,736,Residential
Z0737,680922,247335,737,Mixed-Use-Residential
Z0738,680434,246603,738,Residential
Z0739,680412,246988,739,Residential
Z0740,680375,246986,740,Residential
Z0741,680743,246840,741,Residential
Z0742,680914,246856,742,Residential
Z0743,680973,246874,743,Residential
Z0744,680852,246840,744,Residential
Z0745,680841,246643,745,Residential
Z0746,680830,246594,746,Mixed-Use-Residential
Z0747,680838,246796,747,Residential
Z0748,680819,246827,748,Mixed-Use-Residential
Z0749,680855,246749,749,Residential
Z0750,680658,246581,750,Residential
Z0751,680559,246674,751,Residential
Z0752,680578,246695,752,Residential
Z0753,680640,246657,753,Residential
Z0754,680638,246753,754,Residential
Z0755,680462,246609,755,Residential
Z0756,680495,246622,756,Residential
Z0757,680533,246618,757,Residential
Z0758,680574,246603,758,Residential
Z0759,680611,246597,759,Residential
Z0760,680523,246677,760,Residential
Z0761,680599,246660,761,Residential
Z0762,680595,246727,762,Residential
Z0763,680474,246820,763,Auditorium
Z0764,680683,246581,764,Residential
Z0767,680801,246582,767,Industry
Z0768,680701,246825,768,Residential
Z0769,680730,246798,769,Residential
Z0770,680747,246771,770,Residential
Z0771,680745,246732,771,Residential
Z0772,680789,246824,772,Residential
Z0773,680781,246786,773,Residential
Z0774,680796,246747,774,Residential
Z0775,680891,246699,775,Residential
Z0776,680937,246697,776,Mixed-Use-Residential
Z0777,680858,246616,777,Residential
Z0778,680869,246636,778,Mixed-Use-Residential
Z0779,680891,246653,779,Mixed-Use-Residential
Z0780,680891,246747,780,Residential
Z0781,680915,246712,781,Residential
Z0782,680950,246713,782,Residential
Z0783,680958,246748,783,Mixed-Use-Residential
Z0784,680930,246763,784,Residential
Z0785,680967,246779,785,Residential
Z0786,680943,246808,786,Residential
Z0787,680907,246802,787,Residential
Z0788,680823,247051,788,Residential
Z0789,680902,247088,789,Mixed-Use-Residential
Z0790,680825,246997,790,Mixed-Use-Residential
Z0791,680821,246904,791,Residential
Z0792,680858,246882,792,Residential
Z0793,680487,247004,793,Residential
Z0794,680677,247013,794,Residential
Z0795,680776,246990,795,Residential
Z0796,680805,246977,796,Residential
Z0797,680440,246961,797,School
Z0798,680469,246945,798,Residential
Z0799,680596,246969,799,Residential
Z0800,680568,247019,800,Mixed-Use-Residential
Z0801,680650,246944,801,Residential
Z0802,680686,246961,802,Residential
Z0803,680724,246953,803,Residential
Z0804,680752,246970,804,Residential
Z0805,680666,246901,805,Residential
Z0806,680702,246918,806,Residential
Z0807,680735,246921,807,Residential
Z0808,680769,246914,808,Residential
Z0809,680789,246952,809,Residential
Z0810,680821,246934,810,Residential
Z0811,680692,246864,811,Residential
Z0813,680789,246859,813,Residential
Z0814,680676,247040,814,Residential
Z0815,680735,247059,815,Residential
Z0816,680695,247016,816,Residential
Z0817,680751,247024,817,Residential
Z0818,680910,246970,818,Residential
Z0819,680949,247021,819,Residential
Z0820,680848,246944,820,Residential
Z0821,680890,246892,821,Residential
Z0822,680925,246929,822,Residential
Z0823,680948,246906,823,Mixed-Use-Residential
Z0824,680559,246053,824,Auditorium
Z0825,680582,246117,825,24-Hour-Use
Z0826,680514,246201,826,Residential
Z0827,680493,246199,827,Auditorium
Z0828,680538,246174,828,Residential
Z0829,680602,246149,829,Mixed-Use-Residential
Z0830,680492,246278,830,Residential
Z0831,680448,246194,831,Residential
Z0832,680488,246145,832,Residential
Z0833,680498,246232,833,Mixed-Use-Residential
Z0834,680466,246215,834,Mixed-Use-Residential
Z0835,680561,246216,835,Residential
Z0836,680499,246357,836,Residential
Z0837,680537,246536,837,Residential
Z0838,680614,246448,838,Residential
Z0839,680405,246419,839,Residential
Z0840,680558,246539,840,Residential
Z0841,680588,246472,841,Residential
Z0842,680493,246299,842,Mixed-Use-Residential
Z0843,680476,246393,843,Residential
Z0844,680413,246534,844,Residential
Z0845,680411,246492,845,Residential
Z0846,680448,246344,846,Residential
Z0847,680574,246498,847,Residential
Z0848,680440,246540,848,Residential
Z0849,680594,246247,849,Residential
Z0850,680594,246410,850,Residential
Z0851,680437,246456,851,Residential
Z0852,680618,246205,852,Residential
Z0853,680562,246510,853,Residential
Z0854,680577,247560,854,Gym
Z0855,680371,246481,855,Residential
Z0856,680585,246347,856,Residential
Z0857,680450,246443,857,Residential
Z0858,680473,246539,858,Residential
Z0859,680436,246370,859,Residential
Z0860,680465,246502,860,Residential
Z0861,681857,246761,861,Residential
Z0862,681840,246821,862,Mixed-Use-Residential
Z0863,681840,246784,863,Supermarket
Z0864,681817,246829,864,Mixed-Use-Residential
Z0865,681794,246689,865,Residential
Z0866,681133,247157,866,Mixed-Use-Residential
Z0867,681035,247144,867,Residential
Z0868,680987,247168,868,Industry
Z0871,680708,246490,871,Auditorium
Z0874,680749,246166,874,Residential
Z0875,680717,245953,875,Supermarket
Z0876,680845,246448,876,Residential
Z0877,680623,246430,877,Residential
Z0878,680622,246274,878,Residential
Z0879,680677,246388,879,Residential
Z0880,680668,246031,880,Mixed-Use-Residential
Z0881,680757,246382,881,Residential
Z0882,680672,245896,882,School
Z0883,680641,246402,883,Residential
Z0884,680654,246364,884,Residential
Z0885,680798,246335,885,Residential
Z0886,680710,246368,886,Residential
Z0887,680710,246182,887,Residential
Z0888,680703,246242,888,Residential
Z0889,680791,246488,889,Residential
Z0890,680746,246341,890,Residential
Z0891,680892,246614,891,Residential
Z0892,680991,246563,892,Residential
Z0893,680881,246595,893,Residential
Z0894,680998,245947,894,Residential
Z0895,680911,246579,895,Residential
Z0896,680839,245847,896,Residential
Z0897,680936,246606,897,Residential
Z0898,680924,246536,898,Residential
Z0899,680849,246494,899,Residential
Z0900,680920,246644,900,Residential
Z0901,680942,246632,901,Residential
Z0902,681012,246529,902,Mixed-Use-Residential
Z0903,680979,246595,903,Office
Z0904,680894,246563,904,Residential
Z0905,680867,246589,905,Residential
Z0906,680907,246630,906,Residential
Z0908,681023,246763,908,Residential
Z0909,680999,247110,909,Mixed-Use-Residential
Z0910,680972,247084,910,Mixed-Use-Residential
Z0911,680996,247091,911,Gym
Z0912,681010,246872,912,Office
Z0913,681076,247104,913,Mixed-Use-Residential
Z0914,680975,246658,914,Residential
Z0915,681036,247016,915,Residential
Z0916,681051,246789,916,Residential
Z0917,680992,246695,917,Residential
Z0918,681046,247097,918,Auditorium
Z0919,681034,247532,919,School
Z0920,680791,247794,920,Office
Z0921,681127,247037,921,Residential
Z0922,681193,247138,922,Gym
Z0923,681213,247106,923,Mixed-Use-Residential
Z0924,681243,247126,924,Residential
Z0925,681103,247018,925,Residential
Z0926,681065,247031,926,Residential
Z0927,681076,247050,927,Residential
Z0928,681087,246998,928,Residential
Z0929,681157,247139,929,Residential
Z0930,681161,247038,930,Residential
Z0931,681192,246955,931,Mixed-Use-Residential
Z0932,681182,246966,932,Mixed-Use-Residential
Z0933,681213,247026,933,Supermarket
Z0934,681250,247015,934,Mixed-Use-Residential
Z0935,681207,246883,935,Residential
Z0936,681232,246998,936,Residential
Z0937,681196,246904,937,Residential
Z0938,681167,246725,938,Residential
Z0939,681241,246902,939,Residential
Z0940,681234,246913,940,Residential
Z0941,681213,246939,941,Residential
Z0942,681219,246962,942,Residential
Z0943,681258,246880,943,Residential
Z0944,681205,247034,944,Residential
Z0945,681175,246919,945,Residential
Z0946,681162,246941,946,Residential
Z0947,681064,246936,947,Residential
Z0948,681255,246920,948,Residential
Z0949,681098,246787,949,Residential
Z0950,681084,246910,950,Mixed-Use-Residential
Z0951,681248,246952,951,Residential
Z0952,681202,246992,952,Residential
Z0953,681218,246980,953,Residential
Z0954,681244,246775,954,Residential
Z0955,681069,246819,955,Office
Z0956,681280,245958,956,Office
Z0957,681210,246034,957,Residential
Z0958,681165,246554,958,Gym
Z0959,681121,245668,959,Residential
Z0960,681207,246647,960,Residential
Z0961,681160,246009,961,Residential
Z0962,681125,246694,962,Residential
Z0963,681083,246575,963,Residential
Z0964,681243,246082,964,Residential
Z0965,681216,246665,965,Residential
Z0966,681187,246018,966,Residential
Z0967,681226,246508,967,Industry
Z0968,681208,245692,968,Gym
Z0969,681318,246849,969,Residential
Z0970,681326,246764,970,Residential
Z0971,681288,246779,971,Residential
Z0972,681300,247120,972,Residential
Z0973,681324,247082,973,Residential
Z0974,681292,246880,974,Residential
Z0975,681246,246983,975,Residential
Z0976,681339,246923,976,Residential
Z0977,681277,246975,977,Mixed-Use-Residential
Z0978,681267,246857,978,Residential
Z0979,681278,246899,979,Residential
Z0980,681316,246790,980,Mixed-Use-Residential
Z0981,681285,246846,981,Residential
Z0982,681279,246949,982,Mixed-Use-Residential
Z0983,681316,247101,983,Mixed-Use-Residential
Z0984,681342,246794,984,Residential
Z0985,681323,246889,985,Mixed-Use-Residential
Z0987,681334,247006,987,School
Z0988,681292,246830,988,Residential
Z0989,681328,246723,989,Residential
Z0990,681239,247033,990,Residential
Z0991,681272,246755,991,Residential
Z0992,681356,246955,992,School
Z0993,681267,246994,993,Residential
Z0994,681275,246814,994,Residential
Z0995,681264,246963,995,Residential
Z0996,681301,246971,996,Mixed-Use-Residential
Z0997,681269,247143,997,Mixed-Use-Residential
Z0998,681331,247116,998,Residential
Z0999,681342,247155,999,Mixed-Use-Residential
Z1000,681320,247143,1000,Residential
Z1001,681270,247191,1001,Mixed-Use-Residential
Z1002,681491,247362,1002,School
Z1003,681512,247270,1003,Mixed-Use-Residential
Z1004,681445,247230,1004,Residential
Z1005,681422,247243,1005,Residential
Z1006,681374,247220,1006,Mixed-Use-Residential
Z1007,681527,247218,1007,Mixed-Use-Residential
Z1008,681529,247320,1008,Residential
Z1009,681410,247290,1009,Mixed-Use-Residential
Z1010,681545,247223,1010,Mixed-Use-Residential
Z1011,681490,247251,1011,School
Z1012,681439,247045,1012,Mixed-Use-Residential
Z1013,681487,246889,1013,Residential
Z1014,681420,247079,1014,Residential
Z1015,681492,247105,1015,Residential
Z1016,681448,247114,1016,Residential
Z1017,681491,247019,1017,School
Z1018,681506,246934,1018,Residential
Z1019,681395,247093,1019,Residential
Z1020,681412,246570,1020,Mixed-Use-Residential
Z1021,681532,246845,1021,Residential
Z1022,681497,247131,1022,Industry
Z1023,681437,246527,1023,Residential
Z1024,681399,246826,1024,Residential
Z1025,681399,247057,1025,Mixed-Use-Residential
Z1026,681360,246677,1026,Residential
Z1027,681470,247024,1027,Residential
Z1028,681472,246984,1028,Residential
Z1029,681432,247069,1029,Mixed-Use-Residential
Z1030,681485,246510,1030,Residential
Z1031,681507,247120,1031,Residential
Z1032,681385,246840,1032,Mixed-Use-Residential
Z1033,681374,247075,1033,Residential
Z1034,681377,246650,1034,Industry
Z1035,681365,246804,1035,Residential
Z1036,681341,247077,1036,Mixed-Use-Residential
Z1037,681454,246562,1037,Residential
Z1038,681406,247043,1038,Mixed-Use-Residential
Z1039,681423,246894,1039,Auditorium
Z1040,681357,247047,1040,Mixed-Use-Residential
Z1041,681450,247062,1041,Residential
Z1042,681488,246493,1042,Residential
Z1043,681479,247151,1043,Residential
Z1044,681381,246630,1044,Residential
Z1045,681489,247175,1045,Mixed-Use-Residential
Z1046,681482,246528,1046,Residential
Z1047,681485,246195,1047,Mixed-Use-Residential
Z1048,681532,247019,1048,Mixed-Use-Residential
Z1049,681485,247133,1049,Residential
Z1050,681527,246917,1050,Mixed-Use-Residential
Z1051,681421,247153,1051,Residential
Z1052,681539,246820,1052,Residential
Z1053,681468,246548,1053,Residential
Z1054,681363,246856,1054,Auditorium
Z1055,681532,247167,1055,Mixed-Use-Residential
Z1056,681442,247018,1056,Residential
Z1057,681498,247148,1057,Mixed-Use-Residential
Z1058,681428,246972,1058,School
Z1059,681426,247140,1059,Residential
Z1060,681420,247191,1060,Mixed-Use-Residential
Z1061,681383,247023,1061,Residential
Z1062,681372,247177,1062,Mixed-Use-Residential
Z1063,681347,246694,1063,Mixed-Use-Residential
Z1064,681414,247061,1064,Residential
Z1065,681481,245822,1065,Supermarket
Z1066,681466,246090,1066,24-Hour-Use
Z1067,681483,246083,1067,Residential
Z1068,681437,246119,1068,Mixed-Use-Residential
Z1069,682155,247747,1069,No Occupancy
Z1070,681833,247315,1070,Mixed-Use-Residential
Z1072,682010,247173,1072,Residential
Z1073,682305,247776,1073,Office
Z1074,682057,247483,1074,Supermarket
Z1075,682048,247551,1075,Mixed-Use-Residential
Z1076,681639,247380,1076,Supermarket
Z1077,682378,248028,1077,Mixed-Use-Residential
Z1078,682328,248061,1078,Mixed-Use-Residential
Z1079,682278,248053,1079,Mixed-Use-Residential
Z1080,682300,247960,1080,Mixed-Use-Residential
Z1081,682044,247798,1081,Mixed-Use-Residential
Z1082,682017,247832,1082,Hospitality
Z1083,682059,247816,1083,Mixed-Use-Residential
Z1084,682023,247805,1084,Mixed-Use-Residential
Z1085,682040,247825,1085,Mixed-Use-Residential
Z1086,681563,246773,1086,Mixed-Use-Residential
Z1087,681993,246992,1087,Mixed-Use-Residential
Z1088,681697,246699,1088,Residential
Z1089,681705,246964,1089,Residential
Z1090,681948,247190,1090,Office
Z1091,681858,246898,1091,Residential
Z1092,681683,247293,1092,Mixed-Use-Residential
Z1093,681757,246786,1093,Mixed-Use-Residential
Z1094,681818,246891,1094,Residential
Z1095,681608,247173,1095,24-Hour-Use
Z1096,681789,246967,1096,Residential
Z1097,682010,247066,1097,Residential
Z1098,681895,246860,1098,Mixed-Use-Residential
Z1099,681628,247283,1099,Mixed-Use-Residential
Z1100,681953,247024,1100,Residential
Z1101,681648,247058,1101,Auditorium
Z1102,681849,246916,1102,Residential
Z1104,681583,247343,1104,Industry
Z1105,681587,247363,1105,Mixed-Use-Residential
Z1106,681817,246788,1106,Mixed-Use-Residential
Z1107,681767,246774,1107,Industry
Z1108,681778,246925,1108,Residential
Z1109,681833,247180,1109,Mixed-Use-Residential
Z1110,681601,247462,1110,Office
Z1111,682016,247024,1111,Residential
Z1112,681709,247447,1112,Mixed-Use-Residential
Z1113,681661,246735,1113,Residential
Z1114,681941,247012,1114,Mixed-Use-Residential
Z1115,681871,247081,1115,Residential
Z1116,681718,246877,1116,Office
Z1117,681692,246877,1117,Gym
Z1118,681895,247070,1118,Residential
Z1119,681647,247346,1119,Mixed-Use-Residential
Z1120,681550,246793,1120,Residential
Z1121,681983,246952,1121,Mixed-Use-Residential
Z1122,681603,247096,1122,Mixed-Use-Residential
Z1123,681844,246887,1123,Mixed-Use-Residential
Z1124,681931,247070,1124,Office
Z1125,681686,247312,1125,Mixed-Use-Residential
Z1126,681787,246844,1126,Mixed-Use-Residential
Z1127,681758,247069,1127,Mixed-Use-Residential
Z1128,681759,247088,1128,Gym
Z1129,681537,246991,1129,Residential
Z1130,681757,246960,1130,Residential
Z1131,681969,247033,1131,Residential
Z1132,681764,246943,1132,School
Z1133,681902,247161,1133,Mixed-Use-Residential
Z1134,681626,247411,1134,Mixed-Use-Residential
Z1135,681706,247427,1135,Supermarket
Z1136,681697,247468,1136,Mixed-Use-Residential
Z1137,681925,247133,1137,School
Z1138,681606,247035,1138,Residential
Z1139,681656,247434,1139,Mixed-Use-Residential
Z1140,681647,247460,1140,Mixed-Use-Residential
Z1141,681653,247481,1141,Supermarket
Z1142,681710,246794,1142,Residential
Z1143,681738,246826,1143,Mixed-Use-Residential
Z1144,681721,246807,1144,Gym
Z1145,682089,247704,1145,Mixed-Use-Residential
Z1146,681983,247715,1146,Mixed-Use-Residential
Z1147,682041,247686,1147,Mixed-Use-Residential
Z1148,681976,247722,1148,Residential
Z1149,682112,247695,1149,Mixed-Use-Residential
Z1150,682030,247773,1150,Residential
Z1151,681905,247641,1151,Mixed-Use-Residential
Z1152,681920,247505,1152,Residential
Z1153,681972,247489,1153,Mixed-Use-Residential
Z1154,681954,247516,1154,Residential
Z1155,681916,247409,1155,Mixed-Use-Residential
Z1156,681958,247475,1156,Mixed-Use-Residential
Z1157,681920,247532,1157,Residential
Z1158,681889,247476,1158,Residential
Z1159,681877,247548,1159,Mixed-Use-Residential
Z1160,681911,247470,1160,Supermarket
Z1161,681951,247530,1161,Mixed-Use-Residential
Z1162,681826,247595,1162,Industry
Z1163,681953,247498,1163,Mixed-Use-Residential
Z1164,681938,247526,1164,Mixed-Use-Residential
Z1165,681943,247435,1165,Supermarket
Z1166,682002,247494,1166,Residential
Z1167,681891,247558,1167,Mixed-Use-Residential
Z1168,681844,247579,1168,Mixed-Use-Residential
Z1169,681890,247498,1169,Mixed-Use-Residential
Z1170,681861,247545,1170,Industry
Z1171,682133,247504,1171,Mixed-Use-Residential
Z1172,682323,247827,1172,Mixed-Use-Residential
Z1173,682335,247781,1173,Mixed-Use-Residential
Z1174,682223,247618,1174,Residential
Z1175,682099,247461,1175,Mixed-Use-Residential
Z1176,682310,247178,1176,Office
Z1177,682200,247190,1177,Supermarket
Z1178,682165,247269,1178,Mixed-Use-Residential
Z1179,682228,247254,1179,Mixed-Use-Residential
Z1180,682343,247831,1180,Residential
Z1181,682311,247809,1181,Office
Z1182,681968,247422,1182,Mixed-Use-Residential
Z1183,682174,247239,1183,Residential
Z1184,682090,247249,1184,Mixed-Use-Residential
Z1185,682428,247257,1185,Office
Z1186,682411,247771,1186,Supermarket
Z1187,682370,247773,1187,Mixed-Use-Residential
Z1188,682447,247774,1188,Mixed-Use-Residential
Z1189,682192,247153,1189,Mixed-Use-Residential
Z1190,682361,247224,1190,Industry
Z1191,682093,247504,1191,Mixed-Use-Residential
Z1192,681992,247452,1192,Mixed-Use-Residential
Z1193,682149,247206,1193,Residential
Z1194,682028,247475,1194,Residential
Z1195,682351,247805,1195,Mixed-Use-Residential
Z1196,682138,247267,1196,Mixed-Use-Residential
Z1197,682170,247487,1197,Mixed-Use-Residential
Z1198,682148,247478,1198,Mixed-Use-Residential
Z1199,682121,247544,1199,Auditorium
Z1200,682079,247469,1200,Industry
Z1201,682026,247445,1201,Mixed-Use-Residential
Z1202,682007,247455,1202,Industry
Z1203,682028,247857,1203,Supermarket
Z1204,682268,247984,1204,Hospitality
Z1205,682178,247965,1205,Mixed-Use-Residential
Z1206,682213,248021,1206,Mixed-Use-Residential
Z1207,682160,247983,1207,Supermarket
Z1208,682296,248073,1208,Mixed-Use-Residential
Z1209,682111,248055,1209,Mixed-Use-Residential
Z1210,682243,247987,1210,Mixed-Use-Residential
Z1211,682297,248046,1211,Residential
Z1212,682365,248002,1212,Industry
Z1213,682266,247947,1213,Mixed-Use-Residential
Z1214,682264,247969,1214,Hospitality
Z1215,682173,247980,1215,Mixed-Use-Residential
Z1216,682175,248057,1216,Mixed-Use-Residential
Z1217,682199,248027,1217,Mixed-Use-Residential
Z1218,682076,247956,1218,Mixed-Use-Residential
Z1219,682322,248036,1219,Office
Z1220,682235,247968,1220,Mixed-Use-Residential
Z1221,682308,248014,1221,Hospitality
Z1222,682128,248084,1222,Mixed-Use-Residential
Z1223,682329,247961,1223,Mixed-Use-Residential
Z1224,682294,247918,1224,Mixed-Use-Residential
Z1225,682134,248033,1225,Mixed-Use-Residential
Z1226,682325,248007,1226,Office
Z1227,682290,248022,1227,Mixed-Use-Residential
Z1228,682344,247985,1228,Residential
Z1229,682108,247956,1229,Industry
Z1230,682092,247971,1230,Mixed-Use-Residential
Z1231,680408,248036,1231,Residential
Z1232,680345,247998,1232,Residential
Z1233,680504,248060,1233,Residential
Z1234,680311,247996,1234,Residential
Z1235,680377,247976,1235,Residential
Z1236,682317,247700,1236,Mixed-Use-Residential
Z1237,682349,247628,1237,24-Hour-Use
Z1238,682428,247585,1238,Supermarket
Z1239,682370,247635,1239,Mixed-Use-Residential
Z1240,682417,247635,1240,Mixed-Use-Residential
Z1241,682409,247560,1241,Supermarket
Z1242,682453,247650,1242,Mixed-Use-Residential
Z1243,682258,247850,1243,Mixed-Use-Residential
Z1244,682362,246016,1244,Residential
Z1245,682516,245996,1245,Residential
Z1246,682406,246024,1246,Industry
Z1247,682419,245969,1247,Auditorium
Z1248,682332,245992,1248,Residential
Z1249,682498,246106,1249,Gym
Z1250,682376,246163,1250,Residential
Z1251,682134,246252,1251,Mixed-Use-Residential
Z1252,682372,246141,1252,Residential
Z1253,682267,246030,1253,Residential
Z1254,682133,246292,1254,Supermarket
Z1256,682381,246440,1256,Office
Z1257,682409,246170,1257,Residential
Z1258,682363,246734,1258,Residential
Z1259,682429,246247,1259,Residential
Z1260,682425,246272,1260,Office
Z1261,682408,246655,1261,School
Z1262,682405,246269,1262,Residential
Z1263,682384,246715,1263,Residential
Z1264,682318,246148,1264,Office
Z1265,682353,246398,1265,Mixed-Use-Residential
Z1266,682405,246379,1266,Auditorium
Z1267,682378,245982,1267,Residential
Z1268,682515,246280,1268,Supermarket
Z1269,682485,246165,1269,Mixed-Use-Residential
Z1270,682230,246289,1270,Supermarket
Z1271,682522,246081,1271,School
Z1272,682328,246270,1272,Residential
Z1273,682506,246256,1273,Office
Z1274,682337,246443,1274,Supermarket
Z1275,682343,245966,1275,Residential
Z1276,682331,246425,1276,Mixed-Use-Residential
Z1277,682295,246349,1277,Industry
Z1278,682455,245941,1278,Library
Z1279,682427,246218,1279,Industry
Z1280,682408,246189,1280,Residential
Z1281,682415,246394,1281,Residential
Z1282,682404,246237,1282,Residential
Z1283,682406,246217,1283,Mixed-Use-Residential
Z1284,682516,246039,1284,School
Z1285,682081,246179,1285,No Occupancy
Z1286,682370,246055,1286,Residential
Z1287,682485,246194,1287,Residential
Z1288,682378,245938,1288,Mixed-Use-Residential
Z1289,682476,246231,1289,Office
Z1290,682540,246000,1290,Residential
Z1291,682459,246259,1291,Mixed-Use-Residential
Z1292,682152,246370,1292,Residential
Z1293,682447,246384,1293,Mixed-Use-Residential
Z1294,682472,246377,1294,Office
Z1295,682278,246273,1295,Industry
Z1296,682163,246334,1296,Residential
Z1297,682325,246026,1297,Residential
Z1298,682137,246335,1298,Residential
Z1299,681974,246408,1299,Residential
Z1300,682001,246447,1300,Residential
Z1301,682022,246357,1301,Residential
Z1303,681992,246409,1303,Residential
Z1304,681966,246359,1304,Residential
Z1305,682006,246388,1305,Residential
Z1306,682184,245686,1306,Mixed-Use-Residential
Z1307,682206,245701,1307,Mixed-Use-Residential
Z1308,682135,245783,1308,Residential
Z1309,682176,245740,1309,Mixed-Use-Residential
Z1310,682203,245764,1310,Industry
Z1311,682182,245657,1311,Mixed-Use-Residential
Z1312,682204,245681,1312,Residential
Z1313,682212,245662,1313,Mixed-Use-Residential
Z1314,682177,245702,1314,Mixed-Use-Residential
Z1315,682259,245827,1315,Mixed-Use-Residential
Z1316,682136,245756,1316,Mixed-Use-Residential
Z1317,682127,245699,1317,Mixed-Use-Residential
Z1318,682310,245914,1318,Mixed-Use-Residential
Z1319,682474,247036,1319,Mixed-Use-Residential
Z1320,682521,247133,1320,Mixed-Use-Residential
Z1321,682486,247056,1321,Residential
Z1322,682434,247054,1322,Office
Z1324,680473,246726,1324,No Occupancy
Z1325,680415,246834,1325,Industry
Z1326,682118,245657,1326,Residential
Z1327,682499,246773,1327,Supermarket
Z1328,682110,245679,1328,Residential
Z1329,682530,246735,1329,Office
Z1330,682085,245766,1330,Residential
Z1331,682119,245640,1331,Residential
Z1332,682076,245646,1332,Industry
Z1333,682354,246756,1333,Residential
Z1334,682067,245709,1334,Office
Z1335,682531,246789,1335,Mixed-Use-Residential
Z1336,682334,245815,1336,Residential
Z1337,682276,245729,1337,Mixed-Use-Residential
Z1338,682383,245737,1338,Residential
Z1339,682325,245705,1339,Residential
Z1340,682270,245630,1340,Residential
Z1341,682364,245829,1341,Residential
Z1342,682335,245785,1342,Residential
Z1343,682344,245901,1343,Residential
Z1344,682304,245697,1344,Residential
Z1345,682381,245801,1345,Residential
Z1346,682322,245842,1346,Residential
Z1347,682350,245858,1347,Residential
Z1348,682379,245767,1348,Mixed-Use-Residential
Z1349,682322,245763,1349,Residential
Z1350,681948,246809,1350,Gym
Z1351,682502,247034,1351,Mixed-Use-Residential
Z1352,682501,247011,1352,Mixed-Use-Residential
Z1353,681771,247276,1353,Mixed-Use-Residential
Z1354,681776,247301,1354,Mixed-Use-Residential
Z1355,682255,248022,1355,Restaurant
Z1356,682344,248023,1356,Supermarket
Z1357,682362,247980,1357,Residential
Z1358,682204,248057,1358,Supermarket
Z1359,682228,248076,1359,Mixed-Use-Residential
Z1360,682284,248008,1360,Mixed-Use-Residential
Z1361,682383,248007,1361,Mixed-Use-Residential
Z1362,682270,248018,1362,Mixed-Use-Residential
Z1363,681990,246511,1363,Office
Z1364,682342,246792,1364,Mixed-Use-Residential
Z1365,682438,246954,1365,Office
Z1366,682285,246773,1366,Residential
Z1367,682330,246746,1367,Residential
Z1368,682465,246883,1368,No Occupancy
Z1369,682490,246957,1369,Office
Z1370,682373,246818,1370,Residential
Z1371,682353,246830,1371,Residential
Z1372,682403,246840,1372,Gym
Z1373,682311,246776,1373,Mixed-Use-Residential
Z1374,682410,246998,1374,Office
Z1375,682455,246911,1375,Residential
Z1376,682268,246858,1376,Residential
Z1377,681984,246483,1377,Residential
Z1378,682282,246784,1378,Residential
Z1379,682407,246857,1379,School
Z1380,682270,246763,1380,Supermarket
Z1381,681721,245747,1381,Office
Z1382,681634,245791,1382,Residential
Z1383,682375,247022,1383,Gym
Z1384,681559,246328,1384,Gym
Z1385,680757,246513,1385,Gym
Z1386,680772,246515,1386,Gym
Z1387,680425,246555,1387,Gym
Z1388,680777,246529,1388,Gym
Z1389,681711,246233,1389,Supermarket
Z1390,681592,246009,1390,Gym
Z1391,681828,245792,1391,Gym
Z1392,681826,245831,1392,Gym
Z1393,682483,246467,1393,Gym
Z1394,681522,246597,1394,Residential
Z1395,681558,246608,1395,Residential
Z1396,681540,246583,1396,Residential
Z1397,681559,246537,1397,Residential
Z1398,681780,246526,1398,Mixed-Use-Residential
Z1399,681443,245992,1399,Residential
Z1400,681331,246090,1400,Residential
Z1401,681437,245977,1401,Residential
Z1402,681467,246001,1402,Residential
Z1403,682287,247450,1403,Mixed-Use-Residential
Z1404,682517,246858,1404,Office
Z1405,682503,246892,1405,Mixed-Use-Residential
Z1406,682522,246917,1406,Mixed-Use-Residential
Z1407,682515,246972,1407,Office
Z1408,682524,246668,1408,Residential
Z1409,682494,246690,1409,Residential
Z1410,682508,246634,1410,Office
Z1411,682461,246665,1411,Residential
Z1412,682449,246659,1412,24-Hour-Use
Z1413,682501,246656,1413,Supermarket
Z1415,681515,247683,1415,Mixed-Use-Residential
Z1416,681421,247627,1416,Mixed-Use-Residential
Z1417,681165,245803,1417,Residential
Z1418,681010,245824,1418,Residential
Z1419,680969,245670,1419,Residential
Z1420,681245,245733,1420,Industry
Z1421,680950,245822,1421,Residential
Z1422,681010,245758,1422,Residential
Z1423,680962,245637,1423,Residential
Z1424,680935,245689,1424,Residential
Z1425,680938,245756,1425,Residential
Z1426,680913,245714,1426,Residential
Z1427,681037,245735,1427,Residential
Z1428,680940,245790,1428,Residential
Z1429,681035,245705,1429,Residential
Z1430,680996,245788,1430,Residential
Z1431,681115,245959,1431,Gym
Z1432,681065,245695,1432,Residential
Z1433,681076,245797,1433,Residential
Z1434,681125,245748,1434,Residential
Z1435,681257,245764,1435,Residential
Z1436,681151,245763,1436,Residential
Z1437,681089,245838,1437,Residential
Z1438,681123,245769,1438,Mixed-Use-Residential
Z1439,681842,247757,1439,Office
Z1440,681794,247804,1440,Office
Z1441,681955,247860,1441,Mixed-Use-Residential
Z1442,681982,248066,1442,Mixed-Use-Residential
Z1443,682092,247892,1443,Mixed-Use-Residential
Z1444,682189,247896,1444,Office
Z1445,681999,247680,1445,Mixed-Use-Residential
Z1446,682015,247738,1446,Supermarket
Z1447,682062,246074,1447,Supermarket
Z1448,682230,246055,1448,Mixed-Use-Residential
Z1449,682208,246039,1449,Mixed-Use-Residential
Z1450,681047,247659,1450,Gym
Z1451,681053,247675,1451,Gym
Z1452,680816,247435,1452,Office
Z1453,682010,247087,1453,24-Hour-Use
Z1454,682149,245657,1454,Mixed-Use-Residential
Z1455,682392,246519,1455,Office
Z1456,682059,246403,1456,Residential
Z1457,682453,246467,1457,Auditorium
Z1458,682448,246176,1458,Auditorium
Z1459,682135,246124,1459,Residential
Z1460,682460,245906,1460,Library
Z1461,682190,246203,1461,Mixed-Use-Residential
Z1462,682160,246041,1462,Office
Z1463,682102,245903,1463,Residential
Z1464,682428,246143,1464,Residential
Z1465,682191,245955,1465,Residential
Z1466,682106,245990,1466,Residential
Z1467,682490,246069,1467,No Occupancy
Z1468,682179,246037,1468,Mixed-Use-Residential
Z1469,682149,246061,1469,Mixed-Use-Residential
Z1470,682124,246143,1470,Mixed-Use-Residential
Z1471,682165,246019,1471,Residential
Z1472,682216,246009,1472,Residential
Z1473,682373,246110,1473,Residential
Z1474,682473,245994,1474,Library
Z1475,682317,246113,1475,Residential
Z1476,682171,246155,1476,Mixed-Use-Residential
Z1477,682193,246021,1477,Residential
Z1478,682135,246054,1478,Residential
Z1479,682168,246122,1479,Mixed-Use-Residential
Z1480,682168,245995,1480,Residential
Z1481,682184,245969,1481,Mixed-Use-Residential
Z1482,682068,246042,1482,Mixed-Use-Residential
Z1483,682283,246070,1483,Mixed-Use-Residential
Z1484,682111,246054,1484,Residential
Z1485,682310,246081,1485,Mixed-Use-Residential
Z1486,682259,246137,1486,Supermarket
Z1487,682228,246099,1487,Residential
Z1488,682112,245961,1488,Residential
Z1489,682155,245978,1489,Mixed-Use-Residential
Z1490,682191,246000,1490,Residential
Z1491,682082,245966,1491,Residential
Z1492,682226,246147,1492,Residential
Z1493,682121,245944,1493,Residential
Z1494,682350,246115,1494,Residential
Z1495,682128,246176,1495,Mixed-Use-Residential
Z1496,682146,246162,1496,Industry
Z1497,682275,246140,1497,Mixed-Use-Residential
Z1498,682179,246061,1498,Residential
Z1499,682430,245919,1499,Library
Z1500,682257,246110,1500,Mixed-Use-Residential
Z1501,682197,246134,1501,Mixed-Use-Residential
Z1502,682161,246144,1502,Residential
Z1503,682103,246024,1503,Residential
Z1504,682149,246181,1504,Mixed-Use-Residential
Z1505,682201,246094,1505,Mixed-Use-Residential
Z1506,682399,246148,1506,Supermarket
Z1507,682099,245940,1507,Residential
Z1508,682070,246019,1508,Supermarket
Z1509,682156,246212,1509,Mixed-Use-Residential
Z1510,682296,246037,1510,Residential
Z1511,682177,246092,1511,Mixed-Use-Residential
Z1512,682265,246073,1512,Residential
Z1513,682520,245770,1513,Library
Z1514,682285,246119,1514,Residential
Z1515,682153,246197,1515,Mixed-Use-Residential
Z1516,682374,246079,1516,Residential
Z1517,682417,246070,1517,School
Z1518,682347,246133,1518,Residential
Z1519,682242,246667,1519,School
Z1520,682215,245741,1520,Residential
Z1521,682439,245734,1521,Gym
Z1522,681359,246522,1522,Mixed-Use-Residential
Z1523,681496,246391,1523,Mixed-Use-Residential
Z1524,681245,246604,1524,Residential
Z1525,681288,246553,1525,Mixed-Use-Residential
Z1526,681574,246364,1526,Residential
Z1527,682067,247356,1527,Office
Z1528,682046,247359,1528,Gym
Z1529,682019,247384,1529,Industry
Z1530,682086,247357,1530,Mixed-Use-Residential
Z1531,682041,247334,1531,Mixed-Use-Residential
Z1532,682020,247315,1532,Mixed-Use-Residential
Z1533,681998,247336,1533,Residential
Z1534,681949,247367,1534,Gym
Z1535,682092,247372,1535,Mixed-Use-Residential
Z1536,681965,247352,1536,Residential
Z1537,681973,247344,1537,Industry
Z1538,681310,246042,1538,Industry
Z1539,681500,245969,1539,Supermarket
Z1540,681299,245888,1540,Residential
Z1541,681285,245835,1541,Mixed-Use-Residential
Z1542,681248,245861,1542,Residential
Z1543,681974,247761,1543,Residential
Z1544,681959,247762,1544,Gym
Z1545,681988,247740,1545,Residential
Z1546,682279,247280,1546,Industry
Z1547,681501,246551,1547,Residential
Z1548,682047,245977,1548,Hospitality
Z1549,682189,245947,1549,Mixed-Use-Residential
Z1550,682126,245883,1550,Mixed-Use-Residential
Z1551,682159,245873,1551,Office
Z1552,681638,246929,1552,Residential
Z1553,681634,246942,1553,Library
Z1554,680860,245982,1554,Residential
Z1555,682055,245862,1555,Residential
Z1556,682088,245802,1556,Residential
Z1557,682082,245841,1557,Residential
Z1558,682191,245642,1558,Industry
Z1559,682520,245963,1559,Residential
Z1560,681970,247074,1560,Mixed-Use-Residential
Z1562,680570,247181,1562,Auditorium
Z1563,680881,247300,1563,Residential
Z1564,680870,247243,1564,Residential
Z1565,680809,247271,1565,Residential
Z1566,681213,246155,1566,Supermarket
Z1567,681188,246131,1567,Office
Z1568,681710,247406,1568,Mixed-Use-Residential
Z1569,681954,246169,1569,Gym
Z1570,681974,246178,1570,Gym
Z1571,681989,246121,1571,Hospitality
Z1572,681957,246150,1572,Gym
Z1573,681975,246122,1573,Gym
Z1574,682339,245923,1574,Residential
Z1575,680575,246084,1575,Residential
Z1576,680900,247911,1576,Gym
Z1577,681099,247526,1577,School
Z1578,680792,247918,1578,Industry
Z1579,680852,247862,1579,Gym
Z1580,681330,247744,1580,Gym
Z1581,680821,247835,1581,Industry
Z1582,681323,247548,1582,Residential
Z1583,681351,247503,1583,Gym
Z1584,681314,247535,1584,Mixed-Use-Residential
Z1585,681400,247645,1585,Gym
Z1586,681149,247486,1586,Residential
Z1587,681103,247286,1587,School
Z1588,681012,247369,1588,Residential
Z1589,681646,247275,1589,Gym
Z1590,681557,247340,1590,Mixed-Use-Residential
Z1591,681676,247193,1591,Residential
Z1592,681739,247312,1592,Mixed-Use-Residential
Z1593,681730,247326,1593,Mixed-Use-Residential
Z1594,681774,247212,1594,Gym
Z1595,681742,247251,1595,Gym
Z1596,681762,247261,1596,Residential
Z1597,680542,247444,1597,School
Z1598,680559,247440,1598,Auditorium
Z1599,680900,247344,1599,Gym
Z1600,680975,247301,1600,Residential
Z1601,680504,247543,1601,Gym
Z1602,680498,247562,1602,Gym
Z1603,680664,247437,1603,Gym
Z1604,680979,247327,1604,Residential
Z1605,680786,247154,1605,Supermarket
Z1606,680639,247239,1606,Industry
Z1607,681028,247462,1607,School
Z1608,681962,246972,1608,Mixed-Use-Residential
Z1609,681895,247088,1609,Gym
Z1610,681838,247147,1610,Gym
Z1611,682054,246997,1611,Gym
Z1612,682105,247006,1612,Gym
Z1613,682161,246950,1613,Gym
Z1614,681110,247573,1614,Gym
Z1615,681735,247477,1615,Supermarket
Z1616,681593,247548,1616,Residential
Z1617,681542,247565,1617,Mixed-Use-Residential
Z1618,681574,247537,1618,Supermarket
Z1619,681524,247588,1619,Residential
Z1620,681753,247333,1620,Gym
Z1621,680351,247618,1621,Supermarket
Z1622,680534,247148,1622,Residential
Z1623,680398,247334,1623,Residential
Z1624,680362,247270,1624,Residential
Z1625,680385,247307,1625,Residential
Z1626,680419,247373,1626,Residential
Z1627,680523,247680,1627,Gym
Z1628,680235,247956,1628,Restaurant
Z1629,680723,247910,1629,Gym
Z1630,680865,248050,1630,Mixed-Use-Residential
Z1631,680580,248057,1631,Residential
Z1632,680537,248047,1632,Residential
Z1634,682020,247086,1634,Gym
Z1635,682017,247083,1635,Gym
Z1636,682009,247079,1636,Gym
Z1637,681871,247048,1637,Gym
Z1638,682060,247088,1638,Gym
Z1639,682033,247117,1639,Gym
Z1640,681611,246980,1640,Gym
Z1641,681852,246965,1641,Gym
Z1642,681883,246694,1642,Gym
Z1643,681914,246662,1643,Gym
Z1644,681877,246632,1644,Office
Z1645,681426,246491,1645,Residential
Z1646,681298,247168,1646,Residential
Z1647,681842,246800,1647,Mixed-Use-Residential
Z1648,682092,247287,1648,Gym
Z1649,682307,247320,1649,Residential
Z1650,682261,247106,1650,Industry
Z1651,681043,247346,1651,Supermarket
Z1652,681026,247358,1652,Gym
Z1653,681479,247118,1653,Gym
Z1654,681456,247104,1654,Gym
Z1655,681994,247997,1655,Auditorium
Z1656,681246,247145,1656,Supermarket
Z1657,680667,245849,1657,Residential
Z1658,680830,245790,1658,Residential
Z1659,680797,245842,1659,Residential
Z1660,680728,245815,1660,Residential
Z1661,680771,245754,1661,Residential
Z1662,680658,245683,1662,Residential
Z1663,680802,245762,1663,Residential
Z1664,680702,245869,1664,Residential
Z1665,680730,245762,1665,Residential
Z1666,680867,245717,1666,Residential
Z1667,680605,245823,1667,Residential
Z1668,680617,245751,1668,Residential
Z1669,680761,245829,1669,Residential
Z1670,680679,245715,1670,Residential
Z1671,680729,245885,1671,Residential
Z1672,680645,245769,1672,Residential
Z1673,680706,245795,1673,Residential
Z1674,680598,245780,1674,Residential
Z1675,680681,245763,1675,Residential
Z1676,680657,245803,1676,Residential
Z1677,680907,245653,1677,Residential
Z1678,680770,245881,1678,Residential
Z1679,681431,246371,1679,Gym
Z1680,681743,246177,1680,Residential
Z1681,681850,246252,1681,Hospitality
Z1682,680777,245944,1682,Residential
Z1683,681272,247845,1683,Residential
Z1684,681262,247876,1684,Industry
Z1685,681000,246283,1685,Supermarket
Z1686,682208,248037,1686,Mixed-Use-Residential
Z1687,681994,247387,1687,Mixed-Use-Residential
Z1688,682141,245847,1688,Residential
Z1689,681132,246308,1689,Gym
Z1690,681020,246261,1690,Gym
Z1691,682038,247454,1691,Mixed-Use-Residential
Z1692,681840,246398,1692,Mixed-Use-Residential
Z1693,681878,247509,1693,Gym
Z1694,681943,247475,1694,Mixed-Use-Residential
Z1695,681540,247424,1695,Mixed-Use-Residential
Z1696,681357,247032,1696,Industry
Z1697,682083,247798,1697,Industry
Z1698,682075,247775,1698,Gym
Z1699,682058,247753,1699,Gym
Z1700,682089,247786,1700,Gym
Z1701,680940,246841,1701,Residential
Z1702,680976,246825,1702,Residential
Z1703,681703,247634,1703,Mixed-Use-Residential
Z1704,681048,246110,1704,Office
Z1706,681644,246675,1706,Gym
Z1707,681746,246646,1707,Mixed-Use-Residential
Z1708,681696,246634,1708,School
Z1709,681732,246634,1709,Industry
Z1710,681752,246628,1710,Mixed-Use-Residential
Z1711,681648,246665,1711,Mixed-Use-Residential
Z1712,681646,246647,1712,Residential
Z1713,681695,246540,1713,Mixed-Use-Residential
Z1714,681324,247067,1714,Industry
Z1716,680883,246474,1716,Gym
Z1717,680339,246321,1717,Residential
Z1718,680310,246327,1718,Residential
Z1719,680435,246237,1719,Residential
Z1720,680358,246266,1720,Residential
Z1721,680378,246246,1721,Residential
Z1722,680405,246586,1722,Residential
Z1723,680713,245631,1723,Residential
Z1724,680655,246210,1724,Residential
Z1725,682457,247060,1725,Restaurant
Z1726,681091,246059,1726,Residential
Z1727,680310,246652,1727,Industry
Z1728,680730,247037,1728,Gym
Z1729,680847,246686,1729,Residential
Z1730,680804,246657,1730,Residential
Z1731,680876,246670,1731,Residential
Z1732,680813,246709,1732,Residential
Z1733,680792,246674,1733,Residential
Z1736,680768,246696,1736,Residential
Z1737,681767,246470,1737,Gym
Z1738,681486,246351,1738,Supermarket
Z1739,681430,245770,1739,Industry
Z1740,681195,245711,1740,Gym
Z1741,681086,246394,1741,Gym
Z1743,681025,248004,1743,Residential
Z1744,680992,247053,1744,Residential
Z1745,681131,248003,1745,Industry
Z1746,681169,247938,1746,Industry
Z1747,681259,247503,1747,Gym
Z1748,680274,247632,1748,Gym
Z1749,681309,248043,1749,Mixed-Use-Residential
Z1750,681443,248028,1750,Gym
Z1751,681417,248040,1751,Gym
Z1752,681473,248059,1752,Mixed-Use-Residential
Z1753,681384,247231,1753,Gym
Z1754,681572,247626,1754,Gym
Z1755,681796,247588,1755,Gym
Z1756,681727,247481,1756,Gym
Z1757,681634,247134,1757,Gym
Z1758,681626,247147,1758,Gym
Z1759,681831,247292,1759,Gym
Z1760,681851,247268,1760,Gym
Z1761,681036,246969,1761,Mixed-Use-Residential
Z1762,681181,247040,1762,Gym
Z1763,681918,247556,1763,Gym
Z1764,681922,247578,1764,Supermarket
Z1765,682084,247364,1765,Gym
Z1766,682159,247517,1766,Mixed-Use-Residential
Z1767,682001,247443,1767,Industry
Z1768,682155,247491,1768,Residential
Z1769,682139,247292,1769,Gym
Z1770,682286,247187,1770,Gym
Z1771,682339,247250,1771,Industry
Z1772,682325,247674,1772,Gym
Z1773,682301,247703,1773,Gym
Z1774,682415,247750,1774,Gym
Z1775,682417,247747,1775,Gym
Z1776,681745,246960,1776,Gym
Z1777,681794,246907,1777,Residential
Z1778,681735,246924,1778,Gym
Z1779,681780,246865,1779,Gym
Z1780,681708,246731,1780,Gym
Z1781,681420,247889,1781,Residential
Z1782,680245,247068,1782,Residential
Z1783,680253,247027,1783,Mixed-Use-Residential
Z1784,680423,247060,1784,Gym
Z1785,680290,246924,1785,Supermarket
Z1786,680357,246895,1786,School
Z1787,680508,246960,1787,Residential
Z1788,680566,246984,1788,Residential
Z1789,680540,246965,1789,Residential
Z1790,680999,247062,1790,Supermarket
Z1791,681945,245639,1791,Gym
Z1792,681929,245637,1792,Gym
Z1793,681911,245829,1793,Gym
Z1794,681809,246382,1794,Industry
Z1795,681782,246368,1795,Residential
Z1796,681718,246332,1796,Gym
Z1797,681841,246343,1797,Gym
Z1800,681557,245897,1800,Gym
Z1801,681252,246113,1801,Gym
Z1802,681278,246130,1802,Industry
Z1804,681320,246135,1804,Gym
Z1805,681317,246140,1805,Gym
Z1806,681424,246376,1806,Gym
Z1807,681565,246358,1807,Gym
Z1808,681560,246344,1808,Gym
Z1809,681187,246356,1809,Gym
Z1810,681282,246712,1810,Residential
Z1811,681347,246605,1811,Mixed-Use-Residential
Z1812,681519,246517,1812,Residential
Z1813,681517,246873,1813,Gym
Z1814,681537,246882,1814,Gym
Z1815,681509,246857,1815,Gym
Z1816,681517,246827,1816,Gym
Z1817,681526,246829,1817,Gym
Z1818,681517,246952,1818,Gym
Z1819,681554,246732,1819,Gym
Z1820,681493,246790,1820,Industry
Z1821,681171,246580,1821,Gym
Z1822,681317,246720,1822,Gym
Z1823,681350,246882,1823,Mixed-Use-Residential
Z1824,681328,246943,1824,Residential
Z1826,681248,246842,1826,Residential
Z1827,681222,246904,1827,Gym
Z1828,681171,246956,1828,Gym
Z1829,681161,246960,1829,Gym
Z1830,681230,246862,1830,Residential
Z1831,681205,246822,1831,Gym
Z1832,681191,246825,1832,Gym
Z1833,681192,246922,1833,Gym
Z1834,681181,246934,1834,Gym
Z1835,681256,246826,1835,Residential
Z1836,681166,246957,1836,Gym
Z1837,682085,246478,1837,Gym
Z1839,681957,246496,1839,Gym
Z1840,682179,246696,1840,Gym
Z1841,682294,246716,1841,Gym
Z1842,682265,246662,1842,Gym
Z1843,682398,246683,1843,Residential
Z1844,682393,246698,1844,Residential
Z1845,682362,246684,1845,Gym
Z1846,682337,246716,1846,Gym
Z1847,682395,246839,1847,Gym
Z1848,682531,247047,1848,Gym
Z1849,681117,246741,1849,Residential
Z1850,680283,247491,1850,Gym
Z1851,680241,247459,1851,Residential
Z1852,680262,247455,1852,Gym
Z1853,680239,247401,1853,Residential
Z1854,680244,247177,1854,Residential
Z1855,680238,247417,1855,Gym
Z1856,680240,247520,1856,Residential
Z1857,680408,246804,1857,Gym
Z1858,680362,246775,1858,Gym
Z1859,680358,246795,1859,Gym
Z1861,680234,246708,1861,Residential
Z1864,680736,246668,1864,Gym
Z1865,680773,246611,1865,Gym
Z1866,680909,246679,1866,Residential
Z1867,680711,246710,1867,Residential
Z1868,680660,246733,1868,Residential
Z1869,680960,246681,1869,Gym
Z1870,680855,246633,1870,Gym
Z1871,680979,246685,1871,Office
Z1872,680857,246572,1872,Gym
Z1873,680833,246802,1873,Residential
Z1874,680726,246440,1874,Residential
Z1875,680736,246538,1875,Gym
Z1876,680947,246443,1876,Industry
Z1877,680246,246253,1877,Industry
Z1878,680254,246286,1878,Residential
Z1879,680598,246359,1879,Residential
Z1880,680573,246434,1880,Residential
Z1881,680548,246408,1881,Residential
Z1882,680523,246493,1882,Residential
Z1883,680518,246434,1883,Residential
Z1884,680380,246504,1884,Gym
Z1885,680387,246532,1885,Gym
Z1887,680745,246286,1887,Residential
Z1888,680731,246298,1888,Residential
Z1889,680771,246356,1889,Residential
Z1890,680700,246324,1890,Residential
Z1891,680620,245651,1891,Gym
Z1892,680418,245746,1892,Gym
Z1893,680388,245743,1893,Gym
Z1894,680541,246245,1894,Gym
Z1895,680875,245785,1895,Industry
Z1896,680870,245877,1896,Residential
Z1897,680886,245894,1897,Gym
Z1898,680841,245903,1898,Residential
Z1899,680867,245922,1899,Gym
Z1900,680845,245938,1900,Residential
Z1901,680850,245950,1901,Gym
Z1902,680830,245969,1902,Residential
Z1903,680832,245979,1903,Gym
Z1904,680800,246045,1904,Residential
Z1905,680781,246077,1905,Residential
Z1906,680781,246107,1906,Residential
Z1907,680733,246009,1907,Residential
Z1908,680976,245942,1908,Gym
Z1909,680966,245933,1909,Gym
Z1910,681178,246004,1910,Gym
Z1911,681031,245980,1911,Gym
Z1912,681181,246063,1912,Gym
Z1913,681157,246039,1913,Gym
Z1914,681172,246002,1914,Gym
Z1915,681064,246008,1915,Gym
Z1916,681144,246045,1916,Gym
Z1917,681183,245879,1917,No Occupancy
Z1918,681226,245658,1918,Gym
Z1919,681004,245872,1919,Gym
Z1920,680990,245873,1920,Gym
Z1922,681135,245732,1922,Gym
Z1923,681112,245867,1923,School
Z1924,680983,245864,1924,Gym
Z1925,680877,246270,1925,Gym
Z1926,681278,247709,1926,Gym
Z1927,682002,248065,1927,Gym
Z1928,682203,246446,1928,Residential
Z1929,682149,246326,1929,Gym
Z1931,682235,246305,1931,Gym
Z1932,682496,246783,1932,Gym
Z1933,682423,246629,1933,Gym
Z1934,682477,246686,1934,Residential
Z1935,682475,246814,1935,Industry
Z1936,682480,246803,1936,Gym
Z1937,682486,246791,1937,Gym
Z1938,682096,246054,1938,Gym
Z1939,682156,245936,1939,Mixed-Use-Residential
Z1940,681783,246140,1940,Gym
Z1941,681226,246428,1941,Gym
Z1942,682026,245938,1942,Gym
Z1943,682030,245929,1943,Industry
Z1944,682474,246405,1944,Gym
Z1946,681578,247115,1946,Gym
Z1948,682185,246204,1948,Gym
Z1949,682424,246213,1949,Gym
Z1950,682521,246206,1950,Gym
Z1951,682498,246183,1951,Gym
Z1952,682436,246126,1952,Gym
Z1953,682158,246122,1953,Gym
Z1954,682249,246097,1954,Gym
Z1955,682270,245810,1955,Gym
Z1956,682253,245813,1956,Gym
Z1957,682263,245796,1957,Gym
Z1958,682265,245772,1958,Gym
Z1960,682346,245833,1960,Residential
Z1961,682196,245737,1961,Gym
Z1962,682313,245640,1962,Gym
Z1963,682549,245724,1963,Gym
Z1965,682111,246123,1965,Gym
Z1968,681225,247135,1968,Gym
Z1970,681736,247795,1970,No Occupancy
Z1971,681399,246954,1971,Gym
Z1973,682043,247848,1973,Industry
Z1974,682092,247819,1974,Gym
Z1975,682134,247784,1975,24-Hour-Use
Z1976,682010,247795,1976,Gym
Z1977,682473,247706,1977,Gym
Z1978,680907,248011,1978,Gym
Z1979,682217,247813,1979,Gym
Z1980,682395,247546,1980,Gym
Z1981,680461,247515,1981,Residential
Z1982,680875,246811,1982,Residential
Z1983,680432,247536,1983,Supermarket
Z1986,681049,247840,1986,Gym
Z1987,680881,246813,1987,Residential
